INSERT INTO usert (email, password, type) VALUES ('admin@admin.com','admin',0);
INSERT INTO usert (email, password, type) VALUES ('nena@gmail.com','nenasw',2);
INSERT INTO usert (email, password, type) VALUES ('pera@gmail.com','123456',2);
INSERT INTO usert (email, password, type) VALUES ('mika@gmail.com','123456',2);
INSERT INTO usert (email, password, type) VALUES ('zika@gmail.com','123456',2);
INSERT INTO usert (email, password, type) VALUES ('nomisabi@gmail.com','nomisabi',2);
INSERT INTO usert (email, password, type) VALUES ('a@a.a','a',1);
INSERT INTO usert (email, password, type) VALUES ('b@b.b','b',4);

INSERT INTO guest (email, password, first_name,last_name,accepted) VALUES ('nena@gmail.com','nenasw','Nena','Djeric',true);
INSERT INTO guest (email, password, first_name,last_name,accepted) VALUES ('nomisabi@gmail.com','nomisabi','Noemi','Sabados',true);
INSERT INTO guest (email, password, first_name,last_name,accepted) VALUES ('pera@gmail.com','123456','Pera','Petrovic',true);
INSERT INTO guest (email, password, first_name,last_name,accepted) VALUES ('mika@gmail.com','123456','Mika','Mikic',true);
INSERT INTO guest (email, password, first_name,last_name,accepted) VALUES ('zika@gmail.com','123456','Zika','Petrovic',true);
INSERT INTO guest (email, password, first_name,last_name,accepted) VALUES ('luka@gmail.com','123456','Luka','Petrovic',true);
INSERT INTO friendship (id_friend, guest_id, request_accepted) VALUES (1,2, TRUE);
INSERT INTO friendship (id_friend, guest_id, request_accepted) VALUES (1,3, FALSE);
INSERT INTO friendship (id_friend, guest_id, request_accepted) VALUES (1,4, TRUE);
INSERT INTO friendship (id_friend, guest_id, request_accepted) VALUES (1,5, TRUE);
INSERT INTO friendship (id_friend, guest_id, request_accepted) VALUES (2,3, TRUE);
INSERT INTO friendship (id_friend, guest_id, request_accepted) VALUES (2,5, TRUE);
INSERT INTO friendship (id_friend, guest_id, request_accepted) VALUES (2,4, FALSE);
INSERT INTO friendship (id_friend, guest_id, request_accepted) VALUES (3,5, FALSE);
INSERT INTO friendship (id_friend, guest_id, request_accepted) VALUES (3,4, FALSE);

INSERT INTO supplier (email, password, name, active) VALUES ('b@b.b','b','b',true);

INSERT INTO sysman (email, password) VALUES ('admin@admin.com','admin') ;
INSERT INTO manager (email, password, first_name, last_name, active) VALUES ('a@a.a','a','a','a',true) ;

INSERT INTO food (name, description) VALUES ('Giros', 'Meso');
INSERT INTO food (name, description) VALUES ('Pljeskavica', 'Meso');
INSERT INTO food (name, description) VALUES ('Kapricoza', 'Pica');
INSERT INTO drink (name, description) VALUES ('Sprite', 'sok');
INSERT INTO drink (name, description) VALUES ('Fanta', 'sok');
INSERT INTO drink (name, description) VALUES ('Coca-Cola', 'sok');
INSERT INTO drink (name, description) VALUES ('Sok od jagode', 'sok');
INSERT INTO drink_menu_item (drink_id, price) VALUES (1, 150);
INSERT INTO drink_menu_item (drink_id, price) VALUES (2, 150);
INSERT INTO drink_menu_item (drink_id, price) VALUES (3, 150);
INSERT INTO drink_menu_item (drink_id, price) VALUES (4, 150);
INSERT INTO menu_item (food_id, price) VALUES (1, 300);
INSERT INTO menu_item (food_id, price) VALUES (2, 200);
INSERT INTO menu_item (food_id, price) VALUES (3, 700);

INSERT INTO menu (date_update) VALUES ('2017-05-13 20:00');
INSERT INTO drink_menu (date_update) VALUES ('2017-05-13 20:00');

INSERT INTO menu_items (menu_id, items_id) VALUES (1,1);
INSERT INTO menu_items (menu_id, items_id) VALUES (1,2);

INSERT INTO drink_menu_items (drink_menu_id, items_id) VALUES (1,1);
INSERT INTO drink_menu_items (drink_menu_id, items_id) VALUES (1,2);
INSERT INTO drink_menu_items (drink_menu_id, items_id) VALUES (1,3);
INSERT INTO drink_menu_items (drink_menu_id, items_id) VALUES (1,4);

INSERT INTO restaurant (name,location, lng, lat,species, menu_id,drink_menu_id) values ('Minuta','Novi Sad','19.83354959999997','45.2671352', 'Brza hrana',1,1);
INSERT INTO restaurant (name,location,lng, lat, species, menu_id, drink_menu_id) values ('Ciao','Novi Sad', '19.83354959999997','45.2671352','Italijanska kuhinja',1,1);
INSERT INTO restaurant (name, location, lng, lat,species,menu_id, drink_menu_id) values ('Dva Stapica','Novi Sad', '19.83354959999997','45.2671352','Kineski',1,1);
INSERT INTO restaurant (name, location,lng, lat,species,menu_id, drink_menu_id) values ('Paprika','Novi Sad','19.83354959999997','45.2671352', 'Rositlj',1,1);
INSERT INTO restaurant (name, location,lng, lat,species, menu_id, drink_menu_id) values ('Moja reka','Uzice','19.842093699999964','43.8554024', 'Srpska kuhinja',1,1);
INSERT INTO restaurant (name, location,lng, lat,species, menu_id, drink_menu_id) values ('Burrito Madre','Beograd','20.44892159999995','44.786568', 'Meksikan',1,1);


INSERT INTO restaurant_manager (restaurant_id, manager_id) values (1,1);
INSERT INTO restaurant_suppliers (restaurant_id, suppliers_id) VALUES (1,1);

INSERT INTO region (name, restaurant_id) values ('basta',1);
INSERT INTO region (name, restaurant_id) values ('pusacki deo',1);
INSERT INTO region (name, restaurant_id) values ('nepusacki deo',1);
INSERT INTO region (name, restaurant_id) values ('terasa',1);

INSERT INTO region (name, restaurant_id) values ('pusacki deo',2);
INSERT INTO region (name, restaurant_id) values ('nepusacki deo',2);

INSERT INTO region (name, restaurant_id) values ('pusacki deo',3);
INSERT INTO region (name, restaurant_id) values ('nepusacki deo',3);

INSERT INTO region (name, restaurant_id) values ('pusacki deo',4);
INSERT INTO region (name, restaurant_id) values ('nepusacki deo',4);

INSERT INTO region (name, restaurant_id) values ('pusacki deo',5);
INSERT INTO region (name, restaurant_id) values ('nepusacki deo',5);

INSERT INTO region (name, restaurant_id) values ('pusacki deo',6);
INSERT INTO region (name, restaurant_id) values ('nepusacki deo',6);

INSERT INTO table_of_restaurant (number, number_of_chairs, region_id, restaurant_id) values (1,4,1,1);
INSERT INTO table_of_restaurant (number, number_of_chairs, region_id, restaurant_id) values (2,4,1,1);
INSERT INTO table_of_restaurant (number, number_of_chairs, region_id, restaurant_id) values (3,4,1,1);
INSERT INTO table_of_restaurant (number, number_of_chairs, region_id, restaurant_id) values (6,4,1,1);
INSERT INTO table_of_restaurant (number, number_of_chairs, region_id, restaurant_id) values (7,4,1,1);
INSERT INTO table_of_restaurant (number, number_of_chairs, region_id, restaurant_id) values (8,4,1,1);
INSERT INTO table_of_restaurant (number, number_of_chairs, region_id, restaurant_id) values (9,4,1,1);
INSERT INTO table_of_restaurant (number, number_of_chairs, region_id, restaurant_id) values (4,4,2,1);
INSERT INTO table_of_restaurant (number, number_of_chairs, region_id, restaurant_id) values (5,4,3,1);
INSERT INTO table_of_restaurant (number, number_of_chairs, region_id, restaurant_id) values (10,4,3,1);
INSERT INTO table_of_restaurant (number, number_of_chairs, region_id, restaurant_id) values (11,4,3,1);
INSERT INTO table_of_restaurant (number, number_of_chairs, region_id, restaurant_id) values (12,4,4,1);
INSERT INTO table_of_restaurant (number, number_of_chairs, region_id, restaurant_id) values (13,4,4,1);
INSERT INTO table_of_restaurant (number, number_of_chairs, region_id, restaurant_id) values (14,2,4,1);
INSERT INTO table_of_restaurant (number, number_of_chairs, region_id, restaurant_id) values (15,2,4,1);
INSERT INTO table_of_restaurant (number, number_of_chairs, region_id, restaurant_id) values (16,2,4,1);
INSERT INTO table_of_restaurant (number, number_of_chairs, region_id, restaurant_id) values (17,2,4,1);
INSERT INTO table_of_restaurant (number, number_of_chairs, region_id, restaurant_id) values (18,2,4,1);
INSERT INTO table_of_restaurant (number, number_of_chairs, region_id, restaurant_id) values (19,2,2,1);
INSERT INTO table_of_restaurant (number, number_of_chairs, region_id, restaurant_id) values (20,2,4,1);

INSERT INTO table_of_restaurant (number, number_of_chairs, region_id, restaurant_id) values (1,4,5,2);
INSERT INTO table_of_restaurant (number, number_of_chairs, region_id, restaurant_id) values (2,4,5,2);
INSERT INTO table_of_restaurant (number, number_of_chairs, region_id, restaurant_id) values (3,4,5,2);
INSERT INTO table_of_restaurant (number, number_of_chairs, region_id, restaurant_id) values (6,4,5,2);
INSERT INTO table_of_restaurant (number, number_of_chairs, region_id, restaurant_id) values (7,4,5,2);
INSERT INTO table_of_restaurant (number, number_of_chairs, region_id, restaurant_id) values (8,4,5,2);
INSERT INTO table_of_restaurant (number, number_of_chairs, region_id, restaurant_id) values (9,4,5,2);
INSERT INTO table_of_restaurant (number, number_of_chairs, region_id, restaurant_id) values (4,4,5,2);
INSERT INTO table_of_restaurant (number, number_of_chairs, region_id, restaurant_id) values (5,4,6,2);
INSERT INTO table_of_restaurant (number, number_of_chairs, region_id, restaurant_id) values (10,4,6,2);
INSERT INTO table_of_restaurant (number, number_of_chairs, region_id, restaurant_id) values (11,4,6,2);
INSERT INTO table_of_restaurant (number, number_of_chairs, region_id, restaurant_id) values (12,4,6,2);
INSERT INTO table_of_restaurant (number, number_of_chairs, region_id, restaurant_id) values (13,4,6,2);
INSERT INTO table_of_restaurant (number, number_of_chairs, region_id, restaurant_id) values (14,4,6,2);
INSERT INTO table_of_restaurant (number, number_of_chairs, region_id, restaurant_id) values (15,4,6,2);

INSERT INTO table_of_restaurant (number, number_of_chairs, region_id, restaurant_id) values (1,4,7,3);
INSERT INTO table_of_restaurant (number, number_of_chairs, region_id, restaurant_id) values (2,4,7,3);
INSERT INTO table_of_restaurant (number, number_of_chairs, region_id, restaurant_id) values (3,4,7,3);
INSERT INTO table_of_restaurant (number, number_of_chairs, region_id, restaurant_id) values (6,4,7,3);
INSERT INTO table_of_restaurant (number, number_of_chairs, region_id, restaurant_id) values (7,4,7,3);
INSERT INTO table_of_restaurant (number, number_of_chairs, region_id, restaurant_id) values (8,4,7,3);
INSERT INTO table_of_restaurant (number, number_of_chairs, region_id, restaurant_id) values (9,4,8,3);
INSERT INTO table_of_restaurant (number, number_of_chairs, region_id, restaurant_id) values (4,4,8,3);
INSERT INTO table_of_restaurant (number, number_of_chairs, region_id, restaurant_id) values (5,4,8,3);
INSERT INTO table_of_restaurant (number, number_of_chairs, region_id, restaurant_id) values (10,4,8,3);
INSERT INTO table_of_restaurant (number, number_of_chairs, region_id, restaurant_id) values (11,4,8,3);
INSERT INTO table_of_restaurant (number, number_of_chairs, region_id, restaurant_id) values (12,4,8,3);

INSERT INTO table_of_restaurant (number, number_of_chairs, region_id, restaurant_id) values (1,4,9,4);
INSERT INTO table_of_restaurant (number, number_of_chairs, region_id, restaurant_id) values (2,4,9,4);
INSERT INTO table_of_restaurant (number, number_of_chairs, region_id, restaurant_id) values (3,4,9,4);
INSERT INTO table_of_restaurant (number, number_of_chairs, region_id, restaurant_id) values (6,4,9,4);
INSERT INTO table_of_restaurant (number, number_of_chairs, region_id, restaurant_id) values (7,4,9,4);
INSERT INTO table_of_restaurant (number, number_of_chairs, region_id, restaurant_id) values (8,4,9,4);
INSERT INTO table_of_restaurant (number, number_of_chairs, region_id, restaurant_id) values (9,4,9,4);
INSERT INTO table_of_restaurant (number, number_of_chairs, region_id, restaurant_id) values (4,4,9,4);
INSERT INTO table_of_restaurant (number, number_of_chairs, region_id, restaurant_id) values (5,4,10,4);
INSERT INTO table_of_restaurant (number, number_of_chairs, region_id, restaurant_id) values (10,4,10,4);
INSERT INTO table_of_restaurant (number, number_of_chairs, region_id, restaurant_id) values (11,4,10,4);
INSERT INTO table_of_restaurant (number, number_of_chairs, region_id, restaurant_id) values (12,4,10,4);
INSERT INTO table_of_restaurant (number, number_of_chairs, region_id, restaurant_id) values (13,4,10,4);
INSERT INTO table_of_restaurant (number, number_of_chairs, region_id, restaurant_id) values (14,4,10,4);
INSERT INTO table_of_restaurant (number, number_of_chairs, region_id, restaurant_id) values (15,4,10,4);

INSERT INTO table_of_restaurant (number, number_of_chairs, region_id, restaurant_id) values (1,4,11,5);
INSERT INTO table_of_restaurant (number, number_of_chairs, region_id, restaurant_id) values (2,4,11,5);
INSERT INTO table_of_restaurant (number, number_of_chairs, region_id, restaurant_id) values (3,4,11,5);
INSERT INTO table_of_restaurant (number, number_of_chairs, region_id, restaurant_id) values (6,4,11,5);
INSERT INTO table_of_restaurant (number, number_of_chairs, region_id, restaurant_id) values (7,4,11,5);
INSERT INTO table_of_restaurant (number, number_of_chairs, region_id, restaurant_id) values (8,4,11,5);
INSERT INTO table_of_restaurant (number, number_of_chairs, region_id, restaurant_id) values (9,4,11,5);
INSERT INTO table_of_restaurant (number, number_of_chairs, region_id, restaurant_id) values (4,4,12,5);
INSERT INTO table_of_restaurant (number, number_of_chairs, region_id, restaurant_id) values (5,4,12,5);
INSERT INTO table_of_restaurant (number, number_of_chairs, region_id, restaurant_id) values (10,4,12,5);
INSERT INTO table_of_restaurant (number, number_of_chairs, region_id, restaurant_id) values (11,4,12,5);
INSERT INTO table_of_restaurant (number, number_of_chairs, region_id, restaurant_id) values (12,4,12,5);

INSERT INTO table_of_restaurant (number, number_of_chairs, region_id, restaurant_id) values (1,4,13,6);
INSERT INTO table_of_restaurant (number, number_of_chairs, region_id, restaurant_id) values (2,4,13,6);
INSERT INTO table_of_restaurant (number, number_of_chairs, region_id, restaurant_id) values (3,4,13,6);
INSERT INTO table_of_restaurant (number, number_of_chairs, region_id, restaurant_id) values (6,4,13,6);
INSERT INTO table_of_restaurant (number, number_of_chairs, region_id, restaurant_id) values (7,4,13,6);
INSERT INTO table_of_restaurant (number, number_of_chairs, region_id, restaurant_id) values (8,4,13,6);
INSERT INTO table_of_restaurant (number, number_of_chairs, region_id, restaurant_id) values (9,4,13,6);
INSERT INTO table_of_restaurant (number, number_of_chairs, region_id, restaurant_id) values (4,4,14,6);
INSERT INTO table_of_restaurant (number, number_of_chairs, region_id, restaurant_id) values (5,4,14,6);
INSERT INTO table_of_restaurant (number, number_of_chairs, region_id, restaurant_id) values (10,4,14,6);
INSERT INTO table_of_restaurant (number, number_of_chairs, region_id, restaurant_id) values (11,4,14,6);
INSERT INTO table_of_restaurant (number, number_of_chairs, region_id, restaurant_id) values (12,4,14,6);
INSERT INTO table_of_restaurant (number, number_of_chairs, region_id, restaurant_id) values (13,4,14,6);
INSERT INTO table_of_restaurant (number, number_of_chairs, region_id, restaurant_id) values (14,4,14,6);
INSERT INTO table_of_restaurant (number, number_of_chairs, region_id, restaurant_id) values (15,4,14,6);




INSERT INTO reservation (restaurant_id, start_time, end_time) VALUES (1,'24/05/2017 15:00','24/05/2017 16:00');
INSERT INTO table_reservation (reservation_id, table_id, start_time, end_time) VALUES (1,19,'24/05/2017 15:00','24/05/2017 16:00');
INSERT INTO guest_reservation (guest_id, reservation_id, accepted,rate) VALUES (1, 1, TRUE,TRUE);
INSERT INTO drink_menu_item_reservation (reservation_id, guest_id, drink_menu_item_id, prepared, quantity) VALUES (1,1,1,FALSE,1);
INSERT INTO menu_item_reservation (reservation_id, guest_id, menu_item_id, prepared, quantity) VALUES (1,1,1,FALSE,1);
INSERT INTO menu_item_reservation (reservation_id, guest_id, menu_item_id, prepared, quantity) VALUES (1,1,2,FALSE,2);


INSERT INTO reservation (restaurant_id, start_time, end_time) VALUES (1,'05/06/2017 15:00','05/06/2017 16:00');
INSERT INTO table_reservation (reservation_id, table_id, start_time, end_time) VALUES (2,1,'24/05/2017 15:00','24/05/2017 16:00');
INSERT INTO guest_reservation (guest_id, reservation_id, accepted,rate) VALUES (1, 2, TRUE,FALSE);
INSERT INTO drink_menu_item_reservation (reservation_id, guest_id, drink_menu_item_id, prepared, quantity) VALUES (2,1,1,FALSE,1);
INSERT INTO menu_item_reservation (reservation_id, guest_id, menu_item_id, prepared, quantity) VALUES (2,1,1,FALSE,1);


INSERT INTO supply (chosed, from_date, name, to_date, rest_id, version) values (FALSE, '2017-07-29T23:30:00.000Z', 'Coca Cola (not stated)', '2017-07-30T23:30:00.000Z',1,0);
INSERT INTO supply (chosed, from_date, name, to_date, rest_id, version) values (FALSE, '2017-05-24T23:30:00.000Z', 'ananas (deadline exceeded)', '2017-05-24T23:30:00.000Z',1,0);
INSERT INTO supply (chosed, from_date, name, to_date, rest_id, version) values (FALSE, '2017-05-24T23:30:00.000Z', 'jabuka (no offer)', '2017-07-30T23:30:00.000Z',1,0);
INSERT INTO supply (chosed, from_date, name, to_date, rest_id, version) values (FALSE, '2017-05-24T23:30:00.000Z', 'jagoda (sended offer)', '2017-07-30T23:30:00.000Z',1,0);
INSERT INTO supply (chosed, from_date, name, to_date, rest_id, version) values (TRUE, '2017-05-24T23:30:00.000Z', 'Sprite (chosen offer)', '2017-07-30T23:30:00.000Z',1,0);

INSERT INTO offer (price, quality, status, supplier_id, supply_id) values (100,4,0,1,4);
INSERT INTO offer (price, quality, status, supplier_id, supply_id) values (100,5,2,1,5);

INSERT INTO rate_menu_item (rate, guest_id, menu_item_id, reservation_id) values (5,1,1,1);
INSERT INTO rate_menu_item (rate, guest_id, menu_item_id, reservation_id) values (5,1,2,1);
INSERT INTO rate_restaurant (rate, guest_id, restaurant_id, reservation_id, rate_food) values (4,1,1,1,5);

INSERT INTO employee(first_name, last_name, email, password, active, numbC, numbS,type, date ) values ('f', 'ln', 'fn.ln@gmail.com','123', false, 32, 32, 1, '04/11/1995');
INSERT INTO employee(first_name, last_name, email, password, active, numbC, numbS,type, date) values ('emp2', 'emp2', 'emp.emp@gmail.com','emp', false, 32, 32, 1, '04/11/1995');

INSERT INTO restaurant_employee(restaurant_id, employee_id) values (1,1);
INSERT INTO restaurant_employee(restaurant_id, employee_id) values (1,2);

INSERT INTO rate_waiter(employee_id, restaurant_id, rate) values (1,1,1);
INSERT INTO rate_waiter(employee_id, restaurant_id, rate) values (1,1,3);
INSERT INTO rate_waiter(employee_id, restaurant_id, rate) values (2,1,4);

INSERT INTO bill(employee_id, restaurant_id, price, date) values (1,1,1010, '24/05/2017 15:00');
INSERT INTO bill(employee_id, restaurant_id, price, date) values (1,1, 710, '24/05/2017 16:00');
INSERT INTO bill(employee_id, restaurant_id, price, date) values (1,1,1010, '25/05/2017 15:00');
INSERT INTO bill(employee_id, restaurant_id, price, date) values (1,1,343.43, '22/04/2017 15:00');
INSERT INTO bill(employee_id, restaurant_id, price, date) values (2,1,283, '24/05/2017 15:00');

INSERT INTO employee_schedule(employee_id, c1, c2, day, start_time, end_time, schedule) values (1,'#a86363','#702c2c', '2017-06-30 00:16:00', 'Fri Jun 30 2017 06:00:00', 'Fri Jun 30 2017 13:00:00','\254\355\000\005sr\000\033com.example.domain.Schedule\000\000\000\000\000\000\000\001\002\000\002J\000\002idL\000\007regionst\000\017Ljava/util/Set;xp\000\000\000\000\000\000\000\000sr\000\021java.util.HashSet\272D\205\225\226\270\2674\003\000\000xpw\014\000\000\000\020?@\000\000\000\000\000\002sr\000\031com.example.domain.Region\000\000\000\000\000\000\000\001\002\000\004L\000\002idt\000\020Ljava/lang/Long;L\000\004namet\000\022Ljava/lang/String;L\000\012restaurantt\000\037Lcom/example/domain/Restaurant;L\000\006tablesq\000~\000\001xpsr\000\016java.lang.Long;\213\344\220\314\217#\337\002\000\001J\000\005valuexr\000\020java.lang.Number\206\254\225\035\013\224\340\213\002\000\000xp\000\000\000\000\000\000\000\002t\000\013pusacki deosr\000\035com.example.domain.Restaurant\000\000\000\000\000\000\000\001\002\000\016J\000\002idL\000\013descriptionq\000~\000\007L\000\011drinkMenut\000\036Lcom/example/domain/DrinkMenu;L\000\010employeeq\000~\000\001L\000\003latq\000~\000\007L\000\003lngq\000~\000\007L\000\010locationq\000~\000\007L\000\007managerq\000~\000\001L\000\004menut\000\031Lcom/example/domain/Menu;L\000\004nameq\000~\000\007L\000\007regionsq\000~\000\001L\000\007speciesq\000~\000\007L\000\011suppliersq\000~\000\001L\000\010suppliesq\000~\000\001xp\000\000\000\000\000\000\000\001psr\000\034com.example.domain.DrinkMenu\000\000\000\000\000\000\000\001\002\000\003J\000\002idL\000\012dateUpdatet\000\020Ljava/util/Date;L\000\005itemsq\000~\000\001xp\000\000\000\000\000\000\000\001sr\000\016java.util.Datehj\201\001KYt\031\003\000\000xpw\010\000\000\001\\\002\367\231\000xsq\000~\000\003w\014\000\000\000\020?@\000\000\000\000\000\004sr\000 com.example.domain.DrinkMenuItem\000\000\000\000\000\000\000\001\002\000\003J\000\002idD\000\005priceL\000\005drinkt\000\032Lcom/example/domain/Drink;xp\000\000\000\000\000\000\000\003@b\300\000\000\000\000\000sr\000\030com.example.domain.Drink\000\000\000\000\000\000\000\001\002\000\003J\000\002idL\000\013descriptionq\000~\000\007L\000\004nameq\000~\000\007xp\000\000\000\000\000\000\000\003t\000\003sokt\000\011Coca-Colasq\000~\000\030\000\000\000\000\000\000\000\004@b\300\000\000\000\000\000sq\000~\000\033\000\000\000\000\000\000\000\004t\000\003sokt\000\015Sok od jagodesq\000~\000\030\000\000\000\000\000\000\000\001@b\300\000\000\000\000\000sq\000~\000\033\000\000\000\000\000\000\000\001t\000\003sokt\000\006Spritesq\000~\000\030\000\000\000\000\000\000\000\002@b\300\000\000\000\000\000sq\000~\000\033\000\000\000\000\000\000\000\002t\000\003sokt\000\005Fantaxsq\000~\000\003w\014\000\000\000\020?@\000\000\000\000\000\002sr\000\033com.example.domain.Employee\000\000\000\000\000\000\000\001\002\000\013Z\000\006activeJ\000\002idI\000\005numbCI\000\005numbSL\000\004dateq\000~\000\023L\000\005emailq\000~\000\007L\000\011firstNameq\000~\000\007L\000\010lastNameq\000~\000\007L\000\010passwordq\000~\000\007L\000\010scheduleq\000~\000\001L\000\004typet\000!Lcom/example/domain/TypeEmployee;xp\000\000\000\000\000\000\000\000\002\000\000\000 \000\000\000 sq\000~\000\025w\010\000\000\000\271\261\301\207\000xt\000\021emp.emp@gmail.comt\000\004emp2t\000\004emp2t\000\003empp~r\000\037com.example.domain.TypeEmployee\000\000\000\000\000\000\000\000\022\000\000xr\000\016java.lang.Enum\000\000\000\000\000\000\000\000\022\000\000xpt\000\006WAITERsq\000~\000,\000\000\000\000\000\000\000\000\001\000\000\000 \000\000\000 sq\000~\000\025w\010\000\000\000\271\261\301\207\000xt\000\017fn.ln@gmail.comt\000\001ft\000\002lnt\000\003123pq\000~\0006xt\000\01245.2671352t\000\02119.83354959999997t\000\010Novi Sadsq\000~\000\003w\014\000\000\000\020?@\000\000\000\000\000\002sr\000\032com.example.domain.Manager\000\000\000\000\000\000\000\001\002\000\007Z\000\006activeJ\000\002idL\000\005emailq\000~\000\007L\000\011firstNameq\000~\000\007L\000\010lastNameq\000~\000\007L\000\010passwordq\000~\000\007L\000\012restaurantq\000~\000\010xp\001\000\000\000\000\000\000\000\001t\000\005a@a.at\000\001at\000\001at\000\001apsq\000~\000B\001\000\000\000\000\000\000\000\002t\000\005c@c.ct\000\001ct\000\001ct\000\001cpxsr\000\027com.example.domain.Menu\000\000\000\000\000\000\000\001\002\000\003J\000\002idL\000\012dateUpdateq\000~\000\023L\000\005itemsq\000~\000\001xp\000\000\000\000\000\000\000\001sq\000~\000\025w\010\000\000\001\\\002\367\231\000xsq\000~\000\003w\014\000\000\000\020?@\000\000\000\000\000\002sr\000\033com.example.domain.MenuItem\000\000\000\000\000\000\000\001\002\000\003J\000\002idD\000\005priceL\000\004foodt\000\031Lcom/example/domain/Food;xp\000\000\000\000\000\000\000\002@i\000\000\000\000\000\000sr\000\027com.example.domain.Food\000\000\000\000\000\000\000\001\002\000\003J\000\002idL\000\013descriptionq\000~\000\007L\000\004nameq\000~\000\007xp\000\000\000\000\000\000\000\002t\000\004Mesot\000\013Pljeskavicasq\000~\000Q\000\000\000\000\000\000\000\001@r\300\000\000\000\000\000sq\000~\000T\000\000\000\000\000\000\000\001t\000\004Mesot\000\005Girosxt\000\006Minutapt\000\012Brza hranasq\000~\000\003w\014\000\000\000\020?@\000\000\000\000\000\001sr\000\033com.example.domain.Supplier\000\000\000\000\000\000\000\001\002\000\006Z\000\006activeJ\000\002idL\000\005emailq\000~\000\007L\000\004nameq\000~\000\007L\000\006offersq\000~\000\001L\000\010passwordq\000~\000\007xp\001\000\000\000\000\000\000\000\001t\000\005b@b.bt\000\001bpt\000\001bxpsq\000~\000\003w\014\000\000\000\020?@\000\000\000\000\000\002sr\000$com.example.domain.TableOfRestaurant\000\000\000\000\000\000\000\001\002\000\005I\000\006numberI\000\016numberOfChairsL\000\002idq\000~\000\006L\000\006regiont\000\033Lcom/example/domain/Region;L\000\012restaurantq\000~\000\010xp\000\000\000\004\000\000\000\004sq\000~\000\012\000\000\000\000\000\000\000\010psq\000~\000\016\000\000\000\000\000\000\000\001psq\000~\000\022\000\000\000\000\000\000\000\001sq\000~\000\025w\010\000\000\001\\\002\367\231\000xsq\000~\000\003w\014\000\000\000\020?@\000\000\000\000\000\004sq\000~\000\030\000\000\000\000\000\000\000\003@b\300\000\000\000\000\000sq\000~\000\033\000\000\000\000\000\000\000\003t\000\003sokt\000\011Coca-Colasq\000~\000\030\000\000\000\000\000\000\000\004@b\300\000\000\000\000\000sq\000~\000\033\000\000\000\000\000\000\000\004t\000\003sokt\000\015Sok od jagodesq\000~\000\030\000\000\000\000\000\000\000\002@b\300\000\000\000\000\000sq\000~\000\033\000\000\000\000\000\000\000\002t\000\003sokt\000\005Fantasq\000~\000\030\000\000\000\000\000\000\000\001@b\300\000\000\000\000\000sq\000~\000\033\000\000\000\000\000\000\000\001t\000\003sokt\000\006Spritexsq\000~\000\003w\014\000\000\000\020?@\000\000\000\000\000\002sq\000~\000,\000\000\000\000\000\000\000\000\001\000\000\000 \000\000\000 sq\000~\000\025w\010\000\000\000\271\261\301\207\000xt\000\017fn.ln@gmail.comt\000\001ft\000\002lnt\000\003123pq\000~\0006sq\000~\000,\000\000\000\000\000\000\000\000\002\000\000\000 \000\000\000 sq\000~\000\025w\010\000\000\000\271\261\301\207\000xt\000\021emp.emp@gmail.comt\000\004emp2t\000\004emp2t\000\003emppq\000~\0006xt\000\01245.2671352t\000\02119.83354959999997t\000\010Novi Sadsq\000~\000\003w\014\000\000\000\020?@\000\000\000\000\000\002sq\000~\000B\001\000\000\000\000\000\000\000\002t\000\005c@c.ct\000\001ct\000\001ct\000\001cpsq\000~\000B\001\000\000\000\000\000\000\000\001t\000\005a@a.at\000\001at\000\001at\000\001apxsq\000~\000M\000\000\000\000\000\000\000\001sq\000~\000\025w\010\000\000\001\\\002\367\231\000xsq\000~\000\003w\014\000\000\000\020?@\000\000\000\000\000\002sq\000~\000Q\000\000\000\000\000\000\000\001@r\300\000\000\000\000\000sq\000~\000T\000\000\000\000\000\000\000\001t\000\004Mesot\000\005Girossq\000~\000Q\000\000\000\000\000\000\000\002@i\000\000\000\000\000\000sq\000~\000T\000\000\000\000\000\000\000\002t\000\004Mesot\000\013Pljeskavicaxt\000\006Minutapt\000\012Brza hranasq\000~\000\003w\014\000\000\000\020?@\000\000\000\000\000\001sq\000~\000_\001\000\000\000\000\000\000\000\001t\000\005b@b.bt\000\001bpt\000\001bxpsq\000~\000e\000\000\000\023\000\000\000\002sq\000~\000\012\000\000\000\000\000\000\000\023psq\000~\000\016\000\000\000\000\000\000\000\001psq\000~\000\022\000\000\000\000\000\000\000\001sq\000~\000\025w\010\000\000\001\\\002\367\231\000xsq\000~\000\003w\014\000\000\000\020?@\000\000\000\000\000\004sq\000~\000\030\000\000\000\000\000\000\000\002@b\300\000\000\000\000\000sq\000~\000\033\000\000\000\000\000\000\000\002t\000\003sokt\000\005Fantasq\000~\000\030\000\000\000\000\000\000\000\004@b\300\000\000\000\000\000sq\000~\000\033\000\000\000\000\000\000\000\004t\000\003sokt\000\015Sok od jagodesq\000~\000\030\000\000\000\000\000\000\000\003@b\300\000\000\000\000\000sq\000~\000\033\000\000\000\000\000\000\000\003t\000\003sokt\000\011Coca-Colasq\000~\000\030\000\000\000\000\000\000\000\001@b\300\000\000\000\000\000sq\000~\000\033\000\000\000\000\000\000\000\001t\000\003sokt\000\006Spritexsq\000~\000\003w\014\000\000\000\020?@\000\000\000\000\000\002sq\000~\000,\000\000\000\000\000\000\000\000\002\000\000\000 \000\000\000 sq\000~\000\025w\010\000\000\000\271\261\301\207\000xt\000\021emp.emp@gmail.comt\000\004emp2t\000\004emp2t\000\003emppq\000~\0006sq\000~\000,\000\000\000\000\000\000\000\000\001\000\000\000 \000\000\000 sq\000~\000\025w\010\000\000\000\271\261\301\207\000xt\000\017fn.ln@gmail.comt\000\001ft\000\002lnt\000\003123pq\000~\0006xt\000\01245.2671352t\000\02119.83354959999997t\000\010Novi Sadsq\000~\000\003w\014\000\000\000\020?@\000\000\000\000\000\002sq\000~\000B\001\000\000\000\000\000\000\000\001t\000\005a@a.at\000\001at\000\001at\000\001apsq\000~\000B\001\000\000\000\000\000\000\000\002t\000\005c@c.ct\000\001ct\000\001ct\000\001cpxsq\000~\000M\000\000\000\000\000\000\000\001sq\000~\000\025w\010\000\000\001\\\002\367\231\000xsq\000~\000\003w\014\000\000\000\020?@\000\000\000\000\000\002sq\000~\000Q\000\000\000\000\000\000\000\001@r\300\000\000\000\000\000sq\000~\000T\000\000\000\000\000\000\000\001t\000\004Mesot\000\005Girossq\000~\000Q\000\000\000\000\000\000\000\002@i\000\000\000\000\000\000sq\000~\000T\000\000\000\000\000\000\000\002t\000\004Mesot\000\013Pljeskavicaxt\000\006Minutapt\000\012Brza hranasq\000~\000\003w\014\000\000\000\020?@\000\000\000\000\000\001sq\000~\000_\001\000\000\000\000\000\000\000\001t\000\005b@b.bt\000\001bpt\000\001bxpxsq\000~\000\005sq\000~\000\012\000\000\000\000\000\000\000\001t\000\005bastasq\000~\000\016\000\000\000\000\000\000\000\001psq\000~\000\022\000\000\000\000\000\000\000\001sq\000~\000\025w\010\000\000\001\\\002\367\231\000xsq\000~\000\003w\014\000\000\000\020?@\000\000\000\000\000\004sq\000~\000\030\000\000\000\000\000\000\000\002@b\300\000\000\000\000\000sq\000~\000\033\000\000\000\000\000\000\000\002t\000\003sokt\000\005Fantasq\000~\000\030\000\000\000\000\000\000\000\003@b\300\000\000\000\000\000sq\000~\000\033\000\000\000\000\000\000\000\003t\000\003sokt\000\011Coca-Colasq\000~\000\030\000\000\000\000\000\000\000\004@b\300\000\000\000\000\000sq\000~\000\033\000\000\000\000\000\000\000\004t\000\003sokt\000\015Sok od jagodesq\000~\000\030\000\000\000\000\000\000\000\001@b\300\000\000\000\000\000sq\000~\000\033\000\000\000\000\000\000\000\001t\000\003sokt\000\006Spritexsq\000~\000\003w\014\000\000\000\020?@\000\000\000\000\000\002sq\000~\000,\000\000\000\000\000\000\000\000\001\000\000\000 \000\000\000 sq\000~\000\025w\010\000\000\000\271\261\301\207\000xt\000\017fn.ln@gmail.comt\000\001ft\000\002lnt\000\003123pq\000~\0006sq\000~\000,\000\000\000\000\000\000\000\000\002\000\000\000 \000\000\000 sq\000~\000\025w\010\000\000\000\271\261\301\207\000xt\000\021emp.emp@gmail.comt\000\004emp2t\000\004emp2t\000\003emppq\000~\0006xt\000\01245.2671352t\000\02119.83354959999997t\000\010Novi Sadsq\000~\000\003w\014\000\000\000\020?@\000\000\000\000\000\002sq\000~\000B\001\000\000\000\000\000\000\000\002t\000\005c@c.ct\000\001ct\000\001ct\000\001cpsq\000~\000B\001\000\000\000\000\000\000\000\001t\000\005a@a.at\000\001at\000\001at\000\001apxsq\000~\000M\000\000\000\000\000\000\000\001sq\000~\000\025w\010\000\000\001\\\002\367\231\000xsq\000~\000\003w\014\000\000\000\020?@\000\000\000\000\000\002sq\000~\000Q\000\000\000\000\000\000\000\001@r\300\000\000\000\000\000sq\000~\000T\000\000\000\000\000\000\000\001t\000\004Mesot\000\005Girossq\000~\000Q\000\000\000\000\000\000\000\002@i\000\000\000\000\000\000sq\000~\000T\000\000\000\000\000\000\000\002t\000\004Mesot\000\013Pljeskavicaxt\000\006Minutapt\000\012Brza hranasq\000~\000\003w\014\000\000\000\020?@\000\000\000\000\000\001sq\000~\000_\001\000\000\000\000\000\000\000\001t\000\005b@b.bt\000\001bpt\000\001bxpsq\000~\000\003w\014\000\000\000\020?@\000\000\000\000\000\007sq\000~\000e\000\000\000\006\000\000\000\004sq\000~\000\012\000\000\000\000\000\000\000\004psq\000~\000\016\000\000\000\000\000\000\000\001psq\000~\000\022\000\000\000\000\000\000\000\001sq\000~\000\025w\010\000\000\001\\\002\367\231\000xsq\000~\000\003w\014\000\000\000\020?@\000\000\000\000\000\004sq\000~\000\030\000\000\000\000\000\000\000\002@b\300\000\000\000\000\000sq\000~\000\033\000\000\000\000\000\000\000\002t\000\003sokt\000\005Fantasq\000~\000\030\000\000\000\000\000\000\000\004@b\300\000\000\000\000\000sq\000~\000\033\000\000\000\000\000\000\000\004t\000\003sokt\000\015Sok od jagodesq\000~\000\030\000\000\000\000\000\000\000\003@b\300\000\000\000\000\000sq\000~\000\033\000\000\000\000\000\000\000\003t\000\003sokt\000\011Coca-Colasq\000~\000\030\000\000\000\000\000\000\000\001@b\300\000\000\000\000\000sq\000~\000\033\000\000\000\000\000\000\000\001t\000\003sokt\000\006Spritexsq\000~\000\003w\014\000\000\000\020?@\000\000\000\000\000\002sq\000~\000,\000\000\000\000\000\000\000\000\002\000\000\000 \000\000\000 sq\000~\000\025w\010\000\000\000\271\261\301\207\000xt\000\021emp.emp@gmail.comt\000\004emp2t\000\004emp2t\000\003emppq\000~\0006sq\000~\000,\000\000\000\000\000\000\000\000\001\000\000\000 \000\000\000 sq\000~\000\025w\010\000\000\000\271\261\301\207\000xt\000\017fn.ln@gmail.comt\000\001ft\000\002lnt\000\003123pq\000~\0006xt\000\01245.2671352t\000\02119.83354959999997t\000\010Novi Sadsq\000~\000\003w\014\000\000\000\020?@\000\000\000\000\000\002sq\000~\000B\001\000\000\000\000\000\000\000\002t\000\005c@c.ct\000\001ct\000\001ct\000\001cpsq\000~\000B\001\000\000\000\000\000\000\000\001t\000\005a@a.at\000\001at\000\001at\000\001apxsq\000~\000M\000\000\000\000\000\000\000\001sq\000~\000\025w\010\000\000\001\\\002\367\231\000xsq\000~\000\003w\014\000\000\000\020?@\000\000\000\000\000\002sq\000~\000Q\000\000\000\000\000\000\000\001@r\300\000\000\000\000\000sq\000~\000T\000\000\000\000\000\000\000\001t\000\004Mesot\000\005Girossq\000~\000Q\000\000\000\000\000\000\000\002@i\000\000\000\000\000\000sq\000~\000T\000\000\000\000\000\000\000\002t\000\004Mesot\000\013Pljeskavicaxt\000\006Minutapt\000\012Brza hranasq\000~\000\003w\014\000\000\000\020?@\000\000\000\000\000\001sq\000~\000_\001\000\000\000\000\000\000\000\001t\000\005b@b.bt\000\001bpt\000\001bxpsq\000~\000e\000\000\000\001\000\000\000\004q\000~\000\356psq\000~\000\016\000\000\000\000\000\000\000\001psq\000~\000\022\000\000\000\000\000\000\000\001sq\000~\000\025w\010\000\000\001\\\002\367\231\000xsq\000~\000\003w\014\000\000\000\020?@\000\000\000\000\000\004sq\000~\000\030\000\000\000\000\000\000\000\001@b\300\000\000\000\000\000sq\000~\000\033\000\000\000\000\000\000\000\001t\000\003sokt\000\006Spritesq\000~\000\030\000\000\000\000\000\000\000\004@b\300\000\000\000\000\000sq\000~\000\033\000\000\000\000\000\000\000\004t\000\003sokt\000\015Sok od jagodesq\000~\000\030\000\000\000\000\000\000\000\002@b\300\000\000\000\000\000sq\000~\000\033\000\000\000\000\000\000\000\002t\000\003sokt\000\005Fantasq\000~\000\030\000\000\000\000\000\000\000\003@b\300\000\000\000\000\000sq\000~\000\033\000\000\000\000\000\000\000\003t\000\003sokt\000\011Coca-Colaxsq\000~\000\003w\014\000\000\000\020?@\000\000\000\000\000\002sq\000~\000,\000\000\000\000\000\000\000\000\001\000\000\000 \000\000\000 sq\000~\000\025w\010\000\000\000\271\261\301\207\000xt\000\017fn.ln@gmail.comt\000\001ft\000\002lnt\000\003123pq\000~\0006sq\000~\000,\000\000\000\000\000\000\000\000\002\000\000\000 \000\000\000 sq\000~\000\025w\010\000\000\000\271\261\301\207\000xt\000\021emp.emp@gmail.comt\000\004emp2t\000\004emp2t\000\003emppq\000~\0006xt\000\01245.2671352t\000\02119.83354959999997t\000\010Novi Sadsq\000~\000\003w\014\000\000\000\020?@\000\000\000\000\000\002sq\000~\000B\001\000\000\000\000\000\000\000\002t\000\005c@c.ct\000\001ct\000\001ct\000\001cpsq\000~\000B\001\000\000\000\000\000\000\000\001t\000\005a@a.at\000\001at\000\001at\000\001apxsq\000~\000M\000\000\000\000\000\000\000\001sq\000~\000\025w\010\000\000\001\\\002\367\231\000xsq\000~\000\003w\014\000\000\000\020?@\000\000\000\000\000\002sq\000~\000Q\000\000\000\000\000\000\000\002@i\000\000\000\000\000\000sq\000~\000T\000\000\000\000\000\000\000\002t\000\004Mesot\000\013Pljeskavicasq\000~\000Q\000\000\000\000\000\000\000\001@r\300\000\000\000\000\000sq\000~\000T\000\000\000\000\000\000\000\001t\000\004Mesot\000\005Girosxt\000\006Minutapt\000\012Brza hranasq\000~\000\003w\014\000\000\000\020?@\000\000\000\000\000\001sq\000~\000_\001\000\000\000\000\000\000\000\001t\000\005b@b.bt\000\001bpt\000\001bxpsq\000~\000e\000\000\000\002\000\000\000\004q\000~\000\014psq\000~\000\016\000\000\000\000\000\000\000\001psq\000~\000\022\000\000\000\000\000\000\000\001sq\000~\000\025w\010\000\000\001\\\002\367\231\000xsq\000~\000\003w\014\000\000\000\020?@\000\000\000\000\000\004sq\000~\000\030\000\000\000\000\000\000\000\004@b\300\000\000\000\000\000sq\000~\000\033\000\000\000\000\000\000\000\004t\000\003sokt\000\015Sok od jagodesq\000~\000\030\000\000\000\000\000\000\000\001@b\300\000\000\000\000\000sq\000~\000\033\000\000\000\000\000\000\000\001t\000\003sokt\000\006Spritesq\000~\000\030\000\000\000\000\000\000\000\002@b\300\000\000\000\000\000sq\000~\000\033\000\000\000\000\000\000\000\002t\000\003sokt\000\005Fantasq\000~\000\030\000\000\000\000\000\000\000\003@b\300\000\000\000\000\000sq\000~\000\033\000\000\000\000\000\000\000\003t\000\003sokt\000\011Coca-Colaxsq\000~\000\003w\014\000\000\000\020?@\000\000\000\000\000\002sq\000~\000,\000\000\000\000\000\000\000\000\002\000\000\000 \000\000\000 sq\000~\000\025w\010\000\000\000\271\261\301\207\000xt\000\021emp.emp@gmail.comt\000\004emp2t\000\004emp2t\000\003emppq\000~\0006sq\000~\000,\000\000\000\000\000\000\000\000\001\000\000\000 \000\000\000 sq\000~\000\025w\010\000\000\000\271\261\301\207\000xt\000\017fn.ln@gmail.comt\000\001ft\000\002lnt\000\003123pq\000~\0006xt\000\01245.2671352t\000\02119.83354959999997t\000\010Novi Sadsq\000~\000\003w\014\000\000\000\020?@\000\000\000\000\000\002sq\000~\000B\001\000\000\000\000\000\000\000\001t\000\005a@a.at\000\001at\000\001at\000\001apsq\000~\000B\001\000\000\000\000\000\000\000\002t\000\005c@c.ct\000\001ct\000\001ct\000\001cpxsq\000~\000M\000\000\000\000\000\000\000\001sq\000~\000\025w\010\000\000\001\\\002\367\231\000xsq\000~\000\003w\014\000\000\000\020?@\000\000\000\000\000\002sq\000~\000Q\000\000\000\000\000\000\000\001@r\300\000\000\000\000\000sq\000~\000T\000\000\000\000\000\000\000\001t\000\004Mesot\000\005Girossq\000~\000Q\000\000\000\000\000\000\000\002@i\000\000\000\000\000\000sq\000~\000T\000\000\000\000\000\000\000\002t\000\004Mesot\000\013Pljeskavicaxt\000\006Minutapt\000\012Brza hranasq\000~\000\003w\014\000\000\000\020?@\000\000\000\000\000\001sq\000~\000_\001\000\000\000\000\000\000\000\001t\000\005b@b.bt\000\001bpt\000\001bxpsq\000~\000e\000\000\000\003\000\000\000\004sq\000~\000\012\000\000\000\000\000\000\000\003psq\000~\000\016\000\000\000\000\000\000\000\001psq\000~\000\022\000\000\000\000\000\000\000\001sq\000~\000\025w\010\000\000\001\\\002\367\231\000xsq\000~\000\003w\014\000\000\000\020?@\000\000\000\000\000\004sq\000~\000\030\000\000\000\000\000\000\000\001@b\300\000\000\000\000\000sq\000~\000\033\000\000\000\000\000\000\000\001t\000\003sokt\000\006Spritesq\000~\000\030\000\000\000\000\000\000\000\003@b\300\000\000\000\000\000sq\000~\000\033\000\000\000\000\000\000\000\003t\000\003sokt\000\011Coca-Colasq\000~\000\030\000\000\000\000\000\000\000\004@b\300\000\000\000\000\000sq\000~\000\033\000\000\000\000\000\000\000\004t\000\003sokt\000\015Sok od jagodesq\000~\000\030\000\000\000\000\000\000\000\002@b\300\000\000\000\000\000sq\000~\000\033\000\000\000\000\000\000\000\002t\000\003sokt\000\005Fantaxsq\000~\000\003w\014\000\000\000\020?@\000\000\000\000\000\002sq\000~\000,\000\000\000\000\000\000\000\000\002\000\000\000 \000\000\000 sq\000~\000\025w\010\000\000\000\271\261\301\207\000xt\000\021emp.emp@gmail.comt\000\004emp2t\000\004emp2t\000\003emppq\000~\0006sq\000~\000,\000\000\000\000\000\000\000\000\001\000\000\000 \000\000\000 sq\000~\000\025w\010\000\000\000\271\261\301\207\000xt\000\017fn.ln@gmail.comt\000\001ft\000\002lnt\000\003123pq\000~\0006xt\000\01245.2671352t\000\02119.83354959999997t\000\010Novi Sadsq\000~\000\003w\014\000\000\000\020?@\000\000\000\000\000\002sq\000~\000B\001\000\000\000\000\000\000\000\001t\000\005a@a.at\000\001at\000\001at\000\001apsq\000~\000B\001\000\000\000\000\000\000\000\002t\000\005c@c.ct\000\001ct\000\001ct\000\001cpxsq\000~\000M\000\000\000\000\000\000\000\001sq\000~\000\025w\010\000\000\001\\\002\367\231\000xsq\000~\000\003w\014\000\000\000\020?@\000\000\000\000\000\002sq\000~\000Q\000\000\000\000\000\000\000\002@i\000\000\000\000\000\000sq\000~\000T\000\000\000\000\000\000\000\002t\000\004Mesot\000\013Pljeskavicasq\000~\000Q\000\000\000\000\000\000\000\001@r\300\000\000\000\000\000sq\000~\000T\000\000\000\000\000\000\000\001t\000\004Mesot\000\005Girosxt\000\006Minutapt\000\012Brza hranasq\000~\000\003w\014\000\000\000\020?@\000\000\000\000\000\001sq\000~\000_\001\000\000\000\000\000\000\000\001t\000\005b@b.bt\000\001bpt\000\001bxpsq\000~\000e\000\000\000\011\000\000\000\004sq\000~\000\012\000\000\000\000\000\000\000\007psq\000~\000\016\000\000\000\000\000\000\000\001psq\000~\000\022\000\000\000\000\000\000\000\001sq\000~\000\025w\010\000\000\001\\\002\367\231\000xsq\000~\000\003w\014\000\000\000\020?@\000\000\000\000\000\004sq\000~\000\030\000\000\000\000\000\000\000\003@b\300\000\000\000\000\000sq\000~\000\033\000\000\000\000\000\000\000\003t\000\003sokt\000\011Coca-Colasq\000~\000\030\000\000\000\000\000\000\000\002@b\300\000\000\000\000\000sq\000~\000\033\000\000\000\000\000\000\000\002t\000\003sokt\000\005Fantasq\000~\000\030\000\000\000\000\000\000\000\004@b\300\000\000\000\000\000sq\000~\000\033\000\000\000\000\000\000\000\004t\000\003sokt\000\015Sok od jagodesq\000~\000\030\000\000\000\000\000\000\000\001@b\300\000\000\000\000\000sq\000~\000\033\000\000\000\000\000\000\000\001t\000\003sokt\000\006Spritexsq\000~\000\003w\014\000\000\000\020?@\000\000\000\000\000\002sq\000~\000,\000\000\000\000\000\000\000\000\001\000\000\000 \000\000\000 sq\000~\000\025w\010\000\000\000\271\261\301\207\000xt\000\017fn.ln@gmail.comt\000\001ft\000\002lnt\000\003123pq\000~\0006sq\000~\000,\000\000\000\000\000\000\000\000\002\000\000\000 \000\000\000 sq\000~\000\025w\010\000\000\000\271\261\301\207\000xt\000\021emp.emp@gmail.comt\000\004emp2t\000\004emp2t\000\003emppq\000~\0006xt\000\01245.2671352t\000\02119.83354959999997t\000\010Novi Sadsq\000~\000\003w\014\000\000\000\020?@\000\000\000\000\000\002sq\000~\000B\001\000\000\000\000\000\000\000\002t\000\005c@c.ct\000\001ct\000\001ct\000\001cpsq\000~\000B\001\000\000\000\000\000\000\000\001t\000\005a@a.at\000\001at\000\001at\000\001apxsq\000~\000M\000\000\000\000\000\000\000\001sq\000~\000\025w\010\000\000\001\\\002\367\231\000xsq\000~\000\003w\014\000\000\000\020?@\000\000\000\000\000\002sq\000~\000Q\000\000\000\000\000\000\000\001@r\300\000\000\000\000\000sq\000~\000T\000\000\000\000\000\000\000\001t\000\004Mesot\000\005Girossq\000~\000Q\000\000\000\000\000\000\000\002@i\000\000\000\000\000\000sq\000~\000T\000\000\000\000\000\000\000\002t\000\004Mesot\000\013Pljeskavicaxt\000\006Minutapt\000\012Brza hranasq\000~\000\003w\014\000\000\000\020?@\000\000\000\000\000\001sq\000~\000_\001\000\000\000\000\000\000\000\001t\000\005b@b.bt\000\001bpt\000\001bxpsq\000~\000e\000\000\000\010\000\000\000\004sq\000~\000\012\000\000\000\000\000\000\000\006psq\000~\000\016\000\000\000\000\000\000\000\001psq\000~\000\022\000\000\000\000\000\000\000\001sq\000~\000\025w\010\000\000\001\\\002\367\231\000xsq\000~\000\003w\014\000\000\000\020?@\000\000\000\000\000\004sq\000~\000\030\000\000\000\000\000\000\000\004@b\300\000\000\000\000\000sq\000~\000\033\000\000\000\000\000\000\000\004t\000\003sokt\000\015Sok od jagodesq\000~\000\030\000\000\000\000\000\000\000\001@b\300\000\000\000\000\000sq\000~\000\033\000\000\000\000\000\000\000\001t\000\003sokt\000\006Spritesq\000~\000\030\000\000\000\000\000\000\000\003@b\300\000\000\000\000\000sq\000~\000\033\000\000\000\000\000\000\000\003t\000\003sokt\000\011Coca-Colasq\000~\000\030\000\000\000\000\000\000\000\002@b\300\000\000\000\000\000sq\000~\000\033\000\000\000\000\000\000\000\002t\000\003sokt\000\005Fantaxsq\000~\000\003w\014\000\000\000\020?@\000\000\000\000\000\002sq\000~\000,\000\000\000\000\000\000\000\000\002\000\000\000 \000\000\000 sq\000~\000\025w\010\000\000\000\271\261\301\207\000xt\000\021emp.emp@gmail.comt\000\004emp2t\000\004emp2t\000\003emppq\000~\0006sq\000~\000,\000\000\000\000\000\000\000\000\001\000\000\000 \000\000\000 sq\000~\000\025w\010\000\000\000\271\261\301\207\000xt\000\017fn.ln@gmail.comt\000\001ft\000\002lnt\000\003123pq\000~\0006xt\000\01245.2671352t\000\02119.83354959999997t\000\010Novi Sadsq\000~\000\003w\014\000\000\000\020?@\000\000\000\000\000\002sq\000~\000B\001\000\000\000\000\000\000\000\002t\000\005c@c.ct\000\001ct\000\001ct\000\001cpsq\000~\000B\001\000\000\000\000\000\000\000\001t\000\005a@a.at\000\001at\000\001at\000\001apxsq\000~\000M\000\000\000\000\000\000\000\001sq\000~\000\025w\010\000\000\001\\\002\367\231\000xsq\000~\000\003w\014\000\000\000\020?@\000\000\000\000\000\002sq\000~\000Q\000\000\000\000\000\000\000\002@i\000\000\000\000\000\000sq\000~\000T\000\000\000\000\000\000\000\002t\000\004Mesot\000\013Pljeskavicasq\000~\000Q\000\000\000\000\000\000\000\001@r\300\000\000\000\000\000sq\000~\000T\000\000\000\000\000\000\000\001t\000\004Mesot\000\005Girosxt\000\006Minutapt\000\012Brza hranasq\000~\000\003w\014\000\000\000\020?@\000\000\000\000\000\001sq\000~\000_\001\000\000\000\000\000\000\000\001t\000\005b@b.bt\000\001bpt\000\001bxpsq\000~\000e\000\000\000\007\000\000\000\004sq\000~\000\012\000\000\000\000\000\000\000\005psq\000~\000\016\000\000\000\000\000\000\000\001psq\000~\000\022\000\000\000\000\000\000\000\001sq\000~\000\025w\010\000\000\001\\\002\367\231\000xsq\000~\000\003w\014\000\000\000\020?@\000\000\000\000\000\004sq\000~\000\030\000\000\000\000\000\000\000\002@b\300\000\000\000\000\000sq\000~\000\033\000\000\000\000\000\000\000\002t\000\003sokt\000\005Fantasq\000~\000\030\000\000\000\000\000\000\000\003@b\300\000\000\000\000\000sq\000~\000\033\000\000\000\000\000\000\000\003t\000\003sokt\000\011Coca-Colasq\000~\000\030\000\000\000\000\000\000\000\004@b\300\000\000\000\000\000sq\000~\000\033\000\000\000\000\000\000\000\004t\000\003sokt\000\015Sok od jagodesq\000~\000\030\000\000\000\000\000\000\000\001@b\300\000\000\000\000\000sq\000~\000\033\000\000\000\000\000\000\000\001t\000\003sokt\000\006Spritexsq\000~\000\003w\014\000\000\000\020?@\000\000\000\000\000\002sq\000~\000,\000\000\000\000\000\000\000\000\001\000\000\000 \000\000\000 sq\000~\000\025w\010\000\000\000\271\261\301\207\000xt\000\017fn.ln@gmail.comt\000\001ft\000\002lnt\000\003123pq\000~\0006sq\000~\000,\000\000\000\000\000\000\000\000\002\000\000\000 \000\000\000 sq\000~\000\025w\010\000\000\000\271\261\301\207\000xt\000\021emp.emp@gmail.comt\000\004emp2t\000\004emp2t\000\003emppq\000~\0006xt\000\01245.2671352t\000\02119.83354959999997t\000\010Novi Sadsq\000~\000\003w\014\000\000\000\020?@\000\000\000\000\000\002sq\000~\000B\001\000\000\000\000\000\000\000\001t\000\005a@a.at\000\001at\000\001at\000\001apsq\000~\000B\001\000\000\000\000\000\000\000\002t\000\005c@c.ct\000\001ct\000\001ct\000\001cpxsq\000~\000M\000\000\000\000\000\000\000\001sq\000~\000\025w\010\000\000\001\\\002\367\231\000xsq\000~\000\003w\014\000\000\000\020?@\000\000\000\000\000\002sq\000~\000Q\000\000\000\000\000\000\000\001@r\300\000\000\000\000\000sq\000~\000T\000\000\000\000\000\000\000\001t\000\004Mesot\000\005Girossq\000~\000Q\000\000\000\000\000\000\000\002@i\000\000\000\000\000\000sq\000~\000T\000\000\000\000\000\000\000\002t\000\004Mesot\000\013Pljeskavicaxt\000\006Minutapt\000\012Brza hranasq\000~\000\003w\014\000\000\000\020?@\000\000\000\000\000\001sq\000~\000_\001\000\000\000\000\000\000\000\001t\000\005b@b.bt\000\001bpt\000\001bxpxx' );
INSERT INTO employee_schedule(employee_id, c1, c2, day, start_time, end_time, schedule) values (1,'#a86363','#702c2c', '2017-06-29 00:17:00', 'Thu Jun 29 2017 12:30:00', 'Thu Jun 29 2017 20:00:00','\254\355\000\005sr\000\033com.example.domain.Schedule\000\000\000\000\000\000\000\001\002\000\002J\000\002idL\000\007regionst\000\017Ljava/util/Set;xp\000\000\000\000\000\000\000\000sr\000\021java.util.HashSet\272D\205\225\226\270\2674\003\000\000xpw\014\000\000\000\020?@\000\000\000\000\000\004sr\000\031com.example.domain.Region\000\000\000\000\000\000\000\001\002\000\004L\000\002idt\000\020Ljava/lang/Long;L\000\004namet\000\022Ljava/lang/String;L\000\012restaurantt\000\037Lcom/example/domain/Restaurant;L\000\006tablesq\000~\000\001xpsr\000\016java.lang.Long;\213\344\220\314\217#\337\002\000\001J\000\005valuexr\000\020java.lang.Number\206\254\225\035\013\224\340\213\002\000\000xp\000\000\000\000\000\000\000\002t\000\013pusacki deosr\000\035com.example.domain.Restaurant\000\000\000\000\000\000\000\001\002\000\016J\000\002idL\000\013descriptionq\000~\000\007L\000\011drinkMenut\000\036Lcom/example/domain/DrinkMenu;L\000\010employeeq\000~\000\001L\000\003latq\000~\000\007L\000\003lngq\000~\000\007L\000\010locationq\000~\000\007L\000\007managerq\000~\000\001L\000\004menut\000\031Lcom/example/domain/Menu;L\000\004nameq\000~\000\007L\000\007regionsq\000~\000\001L\000\007speciesq\000~\000\007L\000\011suppliersq\000~\000\001L\000\010suppliesq\000~\000\001xp\000\000\000\000\000\000\000\001psr\000\034com.example.domain.DrinkMenu\000\000\000\000\000\000\000\001\002\000\003J\000\002idL\000\012dateUpdatet\000\020Ljava/util/Date;L\000\005itemsq\000~\000\001xp\000\000\000\000\000\000\000\001sr\000\016java.util.Datehj\201\001KYt\031\003\000\000xpw\010\000\000\001\\\002\367\231\000xsq\000~\000\003w\014\000\000\000\020?@\000\000\000\000\000\004sr\000 com.example.domain.DrinkMenuItem\000\000\000\000\000\000\000\001\002\000\003J\000\002idD\000\005priceL\000\005drinkt\000\032Lcom/example/domain/Drink;xp\000\000\000\000\000\000\000\003@b\300\000\000\000\000\000sr\000\030com.example.domain.Drink\000\000\000\000\000\000\000\001\002\000\003J\000\002idL\000\013descriptionq\000~\000\007L\000\004nameq\000~\000\007xp\000\000\000\000\000\000\000\003t\000\003sokt\000\011Coca-Colasq\000~\000\030\000\000\000\000\000\000\000\002@b\300\000\000\000\000\000sq\000~\000\033\000\000\000\000\000\000\000\002t\000\003sokt\000\005Fantasq\000~\000\030\000\000\000\000\000\000\000\004@b\300\000\000\000\000\000sq\000~\000\033\000\000\000\000\000\000\000\004t\000\003sokt\000\015Sok od jagodesq\000~\000\030\000\000\000\000\000\000\000\001@b\300\000\000\000\000\000sq\000~\000\033\000\000\000\000\000\000\000\001t\000\003sokt\000\006Spritexsq\000~\000\003w\014\000\000\000\020?@\000\000\000\000\000\002sr\000\033com.example.domain.Employee\000\000\000\000\000\000\000\001\002\000\013Z\000\006activeJ\000\002idI\000\005numbCI\000\005numbSL\000\004dateq\000~\000\023L\000\005emailq\000~\000\007L\000\011firstNameq\000~\000\007L\000\010lastNameq\000~\000\007L\000\010passwordq\000~\000\007L\000\010scheduleq\000~\000\001L\000\004typet\000!Lcom/example/domain/TypeEmployee;xp\000\000\000\000\000\000\000\000\001\000\000\000 \000\000\000 sq\000~\000\025w\010\000\000\000\271\261\301\207\000xt\000\017fn.ln@gmail.comt\000\001ft\000\002lnt\000\003123p~r\000\037com.example.domain.TypeEmployee\000\000\000\000\000\000\000\000\022\000\000xr\000\016java.lang.Enum\000\000\000\000\000\000\000\000\022\000\000xpt\000\006WAITERsq\000~\000,\000\000\000\000\000\000\000\000\002\000\000\000 \000\000\000 sq\000~\000\025w\010\000\000\000\271\261\301\207\000xt\000\021emp.emp@gmail.comt\000\004emp2t\000\004emp2t\000\003emppq\000~\0006xt\000\01245.2671352t\000\02119.83354959999997t\000\010Novi Sadsq\000~\000\003w\014\000\000\000\020?@\000\000\000\000\000\002sr\000\032com.example.domain.Manager\000\000\000\000\000\000\000\001\002\000\007Z\000\006activeJ\000\002idL\000\005emailq\000~\000\007L\000\011firstNameq\000~\000\007L\000\010lastNameq\000~\000\007L\000\010passwordq\000~\000\007L\000\012restaurantq\000~\000\010xp\001\000\000\000\000\000\000\000\002t\000\005c@c.ct\000\001ct\000\001ct\000\001cpsq\000~\000B\001\000\000\000\000\000\000\000\001t\000\005a@a.at\000\001at\000\001at\000\001apxsr\000\027com.example.domain.Menu\000\000\000\000\000\000\000\001\002\000\003J\000\002idL\000\012dateUpdateq\000~\000\023L\000\005itemsq\000~\000\001xp\000\000\000\000\000\000\000\001sq\000~\000\025w\010\000\000\001\\\002\367\231\000xsq\000~\000\003w\014\000\000\000\020?@\000\000\000\000\000\002sr\000\033com.example.domain.MenuItem\000\000\000\000\000\000\000\001\002\000\003J\000\002idD\000\005priceL\000\004foodt\000\031Lcom/example/domain/Food;xp\000\000\000\000\000\000\000\002@i\000\000\000\000\000\000sr\000\027com.example.domain.Food\000\000\000\000\000\000\000\001\002\000\003J\000\002idL\000\013descriptionq\000~\000\007L\000\004nameq\000~\000\007xp\000\000\000\000\000\000\000\002t\000\004Mesot\000\013Pljeskavicasq\000~\000Q\000\000\000\000\000\000\000\001@r\300\000\000\000\000\000sq\000~\000T\000\000\000\000\000\000\000\001t\000\004Mesot\000\005Girosxt\000\006Minutapt\000\012Brza hranasq\000~\000\003w\014\000\000\000\020?@\000\000\000\000\000\001sr\000\033com.example.domain.Supplier\000\000\000\000\000\000\000\001\002\000\006Z\000\006activeJ\000\002idL\000\005emailq\000~\000\007L\000\004nameq\000~\000\007L\000\006offersq\000~\000\001L\000\010passwordq\000~\000\007xp\001\000\000\000\000\000\000\000\001t\000\005b@b.bt\000\001bpt\000\001bxpsq\000~\000\003w\014\000\000\000\020?@\000\000\000\000\000\002sr\000$com.example.domain.TableOfRestaurant\000\000\000\000\000\000\000\001\002\000\005I\000\006numberI\000\016numberOfChairsL\000\002idq\000~\000\006L\000\006regiont\000\033Lcom/example/domain/Region;L\000\012restaurantq\000~\000\010xp\000\000\000\023\000\000\000\002sq\000~\000\012\000\000\000\000\000\000\000\023psq\000~\000\016\000\000\000\000\000\000\000\001psq\000~\000\022\000\000\000\000\000\000\000\001sq\000~\000\025w\010\000\000\001\\\002\367\231\000xsq\000~\000\003w\014\000\000\000\020?@\000\000\000\000\000\004sq\000~\000\030\000\000\000\000\000\000\000\001@b\300\000\000\000\000\000sq\000~\000\033\000\000\000\000\000\000\000\001t\000\003sokt\000\006Spritesq\000~\000\030\000\000\000\000\000\000\000\002@b\300\000\000\000\000\000sq\000~\000\033\000\000\000\000\000\000\000\002t\000\003sokt\000\005Fantasq\000~\000\030\000\000\000\000\000\000\000\003@b\300\000\000\000\000\000sq\000~\000\033\000\000\000\000\000\000\000\003t\000\003sokt\000\011Coca-Colasq\000~\000\030\000\000\000\000\000\000\000\004@b\300\000\000\000\000\000sq\000~\000\033\000\000\000\000\000\000\000\004t\000\003sokt\000\015Sok od jagodexsq\000~\000\003w\014\000\000\000\020?@\000\000\000\000\000\002sq\000~\000,\000\000\000\000\000\000\000\000\001\000\000\000 \000\000\000 sq\000~\000\025w\010\000\000\000\271\261\301\207\000xt\000\017fn.ln@gmail.comt\000\001ft\000\002lnt\000\003123pq\000~\0006sq\000~\000,\000\000\000\000\000\000\000\000\002\000\000\000 \000\000\000 sq\000~\000\025w\010\000\000\000\271\261\301\207\000xt\000\021emp.emp@gmail.comt\000\004emp2t\000\004emp2t\000\003emppq\000~\0006xt\000\01245.2671352t\000\02119.83354959999997t\000\010Novi Sadsq\000~\000\003w\014\000\000\000\020?@\000\000\000\000\000\002sq\000~\000B\001\000\000\000\000\000\000\000\002t\000\005c@c.ct\000\001ct\000\001ct\000\001cpsq\000~\000B\001\000\000\000\000\000\000\000\001t\000\005a@a.at\000\001at\000\001at\000\001apxsq\000~\000M\000\000\000\000\000\000\000\001sq\000~\000\025w\010\000\000\001\\\002\367\231\000xsq\000~\000\003w\014\000\000\000\020?@\000\000\000\000\000\002sq\000~\000Q\000\000\000\000\000\000\000\002@i\000\000\000\000\000\000sq\000~\000T\000\000\000\000\000\000\000\002t\000\004Mesot\000\013Pljeskavicasq\000~\000Q\000\000\000\000\000\000\000\001@r\300\000\000\000\000\000sq\000~\000T\000\000\000\000\000\000\000\001t\000\004Mesot\000\005Girosxt\000\006Minutapt\000\012Brza hranasq\000~\000\003w\014\000\000\000\020?@\000\000\000\000\000\001sq\000~\000_\001\000\000\000\000\000\000\000\001t\000\005b@b.bt\000\001bpt\000\001bxpsq\000~\000e\000\000\000\004\000\000\000\004sq\000~\000\012\000\000\000\000\000\000\000\010psq\000~\000\016\000\000\000\000\000\000\000\001psq\000~\000\022\000\000\000\000\000\000\000\001sq\000~\000\025w\010\000\000\001\\\002\367\231\000xsq\000~\000\003w\014\000\000\000\020?@\000\000\000\000\000\004sq\000~\000\030\000\000\000\000\000\000\000\004@b\300\000\000\000\000\000sq\000~\000\033\000\000\000\000\000\000\000\004t\000\003sokt\000\015Sok od jagodesq\000~\000\030\000\000\000\000\000\000\000\001@b\300\000\000\000\000\000sq\000~\000\033\000\000\000\000\000\000\000\001t\000\003sokt\000\006Spritesq\000~\000\030\000\000\000\000\000\000\000\002@b\300\000\000\000\000\000sq\000~\000\033\000\000\000\000\000\000\000\002t\000\003sokt\000\005Fantasq\000~\000\030\000\000\000\000\000\000\000\003@b\300\000\000\000\000\000sq\000~\000\033\000\000\000\000\000\000\000\003t\000\003sokt\000\011Coca-Colaxsq\000~\000\003w\014\000\000\000\020?@\000\000\000\000\000\002sq\000~\000,\000\000\000\000\000\000\000\000\001\000\000\000 \000\000\000 sq\000~\000\025w\010\000\000\000\271\261\301\207\000xt\000\017fn.ln@gmail.comt\000\001ft\000\002lnt\000\003123pq\000~\0006sq\000~\000,\000\000\000\000\000\000\000\000\002\000\000\000 \000\000\000 sq\000~\000\025w\010\000\000\000\271\261\301\207\000xt\000\021emp.emp@gmail.comt\000\004emp2t\000\004emp2t\000\003emppq\000~\0006xt\000\01245.2671352t\000\02119.83354959999997t\000\010Novi Sadsq\000~\000\003w\014\000\000\000\020?@\000\000\000\000\000\002sq\000~\000B\001\000\000\000\000\000\000\000\001t\000\005a@a.at\000\001at\000\001at\000\001apsq\000~\000B\001\000\000\000\000\000\000\000\002t\000\005c@c.ct\000\001ct\000\001ct\000\001cpxsq\000~\000M\000\000\000\000\000\000\000\001sq\000~\000\025w\010\000\000\001\\\002\367\231\000xsq\000~\000\003w\014\000\000\000\020?@\000\000\000\000\000\002sq\000~\000Q\000\000\000\000\000\000\000\001@r\300\000\000\000\000\000sq\000~\000T\000\000\000\000\000\000\000\001t\000\004Mesot\000\005Girossq\000~\000Q\000\000\000\000\000\000\000\002@i\000\000\000\000\000\000sq\000~\000T\000\000\000\000\000\000\000\002t\000\004Mesot\000\013Pljeskavicaxt\000\006Minutapt\000\012Brza hranasq\000~\000\003w\014\000\000\000\020?@\000\000\000\000\000\001sq\000~\000_\001\000\000\000\000\000\000\000\001t\000\005b@b.bt\000\001bpt\000\001bxpxsq\000~\000\005sq\000~\000\012\000\000\000\000\000\000\000\001t\000\005bastasq\000~\000\016\000\000\000\000\000\000\000\001psq\000~\000\022\000\000\000\000\000\000\000\001sq\000~\000\025w\010\000\000\001\\\002\367\231\000xsq\000~\000\003w\014\000\000\000\020?@\000\000\000\000\000\004sq\000~\000\030\000\000\000\000\000\000\000\003@b\300\000\000\000\000\000sq\000~\000\033\000\000\000\000\000\000\000\003t\000\003sokt\000\011Coca-Colasq\000~\000\030\000\000\000\000\000\000\000\004@b\300\000\000\000\000\000sq\000~\000\033\000\000\000\000\000\000\000\004t\000\003sokt\000\015Sok od jagodesq\000~\000\030\000\000\000\000\000\000\000\001@b\300\000\000\000\000\000sq\000~\000\033\000\000\000\000\000\000\000\001t\000\003sokt\000\006Spritesq\000~\000\030\000\000\000\000\000\000\000\002@b\300\000\000\000\000\000sq\000~\000\033\000\000\000\000\000\000\000\002t\000\003sokt\000\005Fantaxsq\000~\000\003w\014\000\000\000\020?@\000\000\000\000\000\002sq\000~\000,\000\000\000\000\000\000\000\000\001\000\000\000 \000\000\000 sq\000~\000\025w\010\000\000\000\271\261\301\207\000xt\000\017fn.ln@gmail.comt\000\001ft\000\002lnt\000\003123pq\000~\0006sq\000~\000,\000\000\000\000\000\000\000\000\002\000\000\000 \000\000\000 sq\000~\000\025w\010\000\000\000\271\261\301\207\000xt\000\021emp.emp@gmail.comt\000\004emp2t\000\004emp2t\000\003emppq\000~\0006xt\000\01245.2671352t\000\02119.83354959999997t\000\010Novi Sadsq\000~\000\003w\014\000\000\000\020?@\000\000\000\000\000\002sq\000~\000B\001\000\000\000\000\000\000\000\002t\000\005c@c.ct\000\001ct\000\001ct\000\001cpsq\000~\000B\001\000\000\000\000\000\000\000\001t\000\005a@a.at\000\001at\000\001at\000\001apxsq\000~\000M\000\000\000\000\000\000\000\001sq\000~\000\025w\010\000\000\001\\\002\367\231\000xsq\000~\000\003w\014\000\000\000\020?@\000\000\000\000\000\002sq\000~\000Q\000\000\000\000\000\000\000\002@i\000\000\000\000\000\000sq\000~\000T\000\000\000\000\000\000\000\002t\000\004Mesot\000\013Pljeskavicasq\000~\000Q\000\000\000\000\000\000\000\001@r\300\000\000\000\000\000sq\000~\000T\000\000\000\000\000\000\000\001t\000\004Mesot\000\005Girosxt\000\006Minutapt\000\012Brza hranasq\000~\000\003w\014\000\000\000\020?@\000\000\000\000\000\001sq\000~\000_\001\000\000\000\000\000\000\000\001t\000\005b@b.bt\000\001bpt\000\001bxpsq\000~\000\003w\014\000\000\000\020?@\000\000\000\000\000\007sq\000~\000e\000\000\000\007\000\000\000\004sq\000~\000\012\000\000\000\000\000\000\000\005psq\000~\000\016\000\000\000\000\000\000\000\001psq\000~\000\022\000\000\000\000\000\000\000\001sq\000~\000\025w\010\000\000\001\\\002\367\231\000xsq\000~\000\003w\014\000\000\000\020?@\000\000\000\000\000\004sq\000~\000\030\000\000\000\000\000\000\000\004@b\300\000\000\000\000\000sq\000~\000\033\000\000\000\000\000\000\000\004t\000\003sokt\000\015Sok od jagodesq\000~\000\030\000\000\000\000\000\000\000\003@b\300\000\000\000\000\000sq\000~\000\033\000\000\000\000\000\000\000\003t\000\003sokt\000\011Coca-Colasq\000~\000\030\000\000\000\000\000\000\000\002@b\300\000\000\000\000\000sq\000~\000\033\000\000\000\000\000\000\000\002t\000\003sokt\000\005Fantasq\000~\000\030\000\000\000\000\000\000\000\001@b\300\000\000\000\000\000sq\000~\000\033\000\000\000\000\000\000\000\001t\000\003sokt\000\006Spritexsq\000~\000\003w\014\000\000\000\020?@\000\000\000\000\000\002sq\000~\000,\000\000\000\000\000\000\000\000\002\000\000\000 \000\000\000 sq\000~\000\025w\010\000\000\000\271\261\301\207\000xt\000\021emp.emp@gmail.comt\000\004emp2t\000\004emp2t\000\003emppq\000~\0006sq\000~\000,\000\000\000\000\000\000\000\000\001\000\000\000 \000\000\000 sq\000~\000\025w\010\000\000\000\271\261\301\207\000xt\000\017fn.ln@gmail.comt\000\001ft\000\002lnt\000\003123pq\000~\0006xt\000\01245.2671352t\000\02119.83354959999997t\000\010Novi Sadsq\000~\000\003w\014\000\000\000\020?@\000\000\000\000\000\002sq\000~\000B\001\000\000\000\000\000\000\000\002t\000\005c@c.ct\000\001ct\000\001ct\000\001cpsq\000~\000B\001\000\000\000\000\000\000\000\001t\000\005a@a.at\000\001at\000\001at\000\001apxsq\000~\000M\000\000\000\000\000\000\000\001sq\000~\000\025w\010\000\000\001\\\002\367\231\000xsq\000~\000\003w\014\000\000\000\020?@\000\000\000\000\000\002sq\000~\000Q\000\000\000\000\000\000\000\001@r\300\000\000\000\000\000sq\000~\000T\000\000\000\000\000\000\000\001t\000\004Mesot\000\005Girossq\000~\000Q\000\000\000\000\000\000\000\002@i\000\000\000\000\000\000sq\000~\000T\000\000\000\000\000\000\000\002t\000\004Mesot\000\013Pljeskavicaxt\000\006Minutapt\000\012Brza hranasq\000~\000\003w\014\000\000\000\020?@\000\000\000\000\000\001sq\000~\000_\001\000\000\000\000\000\000\000\001t\000\005b@b.bt\000\001bpt\000\001bxpsq\000~\000e\000\000\000\011\000\000\000\004sq\000~\000\012\000\000\000\000\000\000\000\007psq\000~\000\016\000\000\000\000\000\000\000\001psq\000~\000\022\000\000\000\000\000\000\000\001sq\000~\000\025w\010\000\000\001\\\002\367\231\000xsq\000~\000\003w\014\000\000\000\020?@\000\000\000\000\000\004sq\000~\000\030\000\000\000\000\000\000\000\004@b\300\000\000\000\000\000sq\000~\000\033\000\000\000\000\000\000\000\004t\000\003sokt\000\015Sok od jagodesq\000~\000\030\000\000\000\000\000\000\000\003@b\300\000\000\000\000\000sq\000~\000\033\000\000\000\000\000\000\000\003t\000\003sokt\000\011Coca-Colasq\000~\000\030\000\000\000\000\000\000\000\002@b\300\000\000\000\000\000sq\000~\000\033\000\000\000\000\000\000\000\002t\000\003sokt\000\005Fantasq\000~\000\030\000\000\000\000\000\000\000\001@b\300\000\000\000\000\000sq\000~\000\033\000\000\000\000\000\000\000\001t\000\003sokt\000\006Spritexsq\000~\000\003w\014\000\000\000\020?@\000\000\000\000\000\002sq\000~\000,\000\000\000\000\000\000\000\000\001\000\000\000 \000\000\000 sq\000~\000\025w\010\000\000\000\271\261\301\207\000xt\000\017fn.ln@gmail.comt\000\001ft\000\002lnt\000\003123pq\000~\0006sq\000~\000,\000\000\000\000\000\000\000\000\002\000\000\000 \000\000\000 sq\000~\000\025w\010\000\000\000\271\261\301\207\000xt\000\021emp.emp@gmail.comt\000\004emp2t\000\004emp2t\000\003emppq\000~\0006xt\000\01245.2671352t\000\02119.83354959999997t\000\010Novi Sadsq\000~\000\003w\014\000\000\000\020?@\000\000\000\000\000\002sq\000~\000B\001\000\000\000\000\000\000\000\001t\000\005a@a.at\000\001at\000\001at\000\001apsq\000~\000B\001\000\000\000\000\000\000\000\002t\000\005c@c.ct\000\001ct\000\001ct\000\001cpxsq\000~\000M\000\000\000\000\000\000\000\001sq\000~\000\025w\010\000\000\001\\\002\367\231\000xsq\000~\000\003w\014\000\000\000\020?@\000\000\000\000\000\002sq\000~\000Q\000\000\000\000\000\000\000\002@i\000\000\000\000\000\000sq\000~\000T\000\000\000\000\000\000\000\002t\000\004Mesot\000\013Pljeskavicasq\000~\000Q\000\000\000\000\000\000\000\001@r\300\000\000\000\000\000sq\000~\000T\000\000\000\000\000\000\000\001t\000\004Mesot\000\005Girosxt\000\006Minutapt\000\012Brza hranasq\000~\000\003w\014\000\000\000\020?@\000\000\000\000\000\001sq\000~\000_\001\000\000\000\000\000\000\000\001t\000\005b@b.bt\000\001bpt\000\001bxpsq\000~\000e\000\000\000\002\000\000\000\004q\000~\000\014psq\000~\000\016\000\000\000\000\000\000\000\001psq\000~\000\022\000\000\000\000\000\000\000\001sq\000~\000\025w\010\000\000\001\\\002\367\231\000xsq\000~\000\003w\014\000\000\000\020?@\000\000\000\000\000\004sq\000~\000\030\000\000\000\000\000\000\000\002@b\300\000\000\000\000\000sq\000~\000\033\000\000\000\000\000\000\000\002t\000\003sokt\000\005Fantasq\000~\000\030\000\000\000\000\000\000\000\003@b\300\000\000\000\000\000sq\000~\000\033\000\000\000\000\000\000\000\003t\000\003sokt\000\011Coca-Colasq\000~\000\030\000\000\000\000\000\000\000\004@b\300\000\000\000\000\000sq\000~\000\033\000\000\000\000\000\000\000\004t\000\003sokt\000\015Sok od jagodesq\000~\000\030\000\000\000\000\000\000\000\001@b\300\000\000\000\000\000sq\000~\000\033\000\000\000\000\000\000\000\001t\000\003sokt\000\006Spritexsq\000~\000\003w\014\000\000\000\020?@\000\000\000\000\000\002sq\000~\000,\000\000\000\000\000\000\000\000\001\000\000\000 \000\000\000 sq\000~\000\025w\010\000\000\000\271\261\301\207\000xt\000\017fn.ln@gmail.comt\000\001ft\000\002lnt\000\003123pq\000~\0006sq\000~\000,\000\000\000\000\000\000\000\000\002\000\000\000 \000\000\000 sq\000~\000\025w\010\000\000\000\271\261\301\207\000xt\000\021emp.emp@gmail.comt\000\004emp2t\000\004emp2t\000\003emppq\000~\0006xt\000\01245.2671352t\000\02119.83354959999997t\000\010Novi Sadsq\000~\000\003w\014\000\000\000\020?@\000\000\000\000\000\002sq\000~\000B\001\000\000\000\000\000\000\000\002t\000\005c@c.ct\000\001ct\000\001ct\000\001cpsq\000~\000B\001\000\000\000\000\000\000\000\001t\000\005a@a.at\000\001at\000\001at\000\001apxsq\000~\000M\000\000\000\000\000\000\000\001sq\000~\000\025w\010\000\000\001\\\002\367\231\000xsq\000~\000\003w\014\000\000\000\020?@\000\000\000\000\000\002sq\000~\000Q\000\000\000\000\000\000\000\001@r\300\000\000\000\000\000sq\000~\000T\000\000\000\000\000\000\000\001t\000\004Mesot\000\005Girossq\000~\000Q\000\000\000\000\000\000\000\002@i\000\000\000\000\000\000sq\000~\000T\000\000\000\000\000\000\000\002t\000\004Mesot\000\013Pljeskavicaxt\000\006Minutapt\000\012Brza hranasq\000~\000\003w\014\000\000\000\020?@\000\000\000\000\000\001sq\000~\000_\001\000\000\000\000\000\000\000\001t\000\005b@b.bt\000\001bpt\000\001bxpsq\000~\000e\000\000\000\006\000\000\000\004sq\000~\000\012\000\000\000\000\000\000\000\004psq\000~\000\016\000\000\000\000\000\000\000\001psq\000~\000\022\000\000\000\000\000\000\000\001sq\000~\000\025w\010\000\000\001\\\002\367\231\000xsq\000~\000\003w\014\000\000\000\020?@\000\000\000\000\000\004sq\000~\000\030\000\000\000\000\000\000\000\002@b\300\000\000\000\000\000sq\000~\000\033\000\000\000\000\000\000\000\002t\000\003sokt\000\005Fantasq\000~\000\030\000\000\000\000\000\000\000\003@b\300\000\000\000\000\000sq\000~\000\033\000\000\000\000\000\000\000\003t\000\003sokt\000\011Coca-Colasq\000~\000\030\000\000\000\000\000\000\000\004@b\300\000\000\000\000\000sq\000~\000\033\000\000\000\000\000\000\000\004t\000\003sokt\000\015Sok od jagodesq\000~\000\030\000\000\000\000\000\000\000\001@b\300\000\000\000\000\000sq\000~\000\033\000\000\000\000\000\000\000\001t\000\003sokt\000\006Spritexsq\000~\000\003w\014\000\000\000\020?@\000\000\000\000\000\002sq\000~\000,\000\000\000\000\000\000\000\000\002\000\000\000 \000\000\000 sq\000~\000\025w\010\000\000\000\271\261\301\207\000xt\000\021emp.emp@gmail.comt\000\004emp2t\000\004emp2t\000\003emppq\000~\0006sq\000~\000,\000\000\000\000\000\000\000\000\001\000\000\000 \000\000\000 sq\000~\000\025w\010\000\000\000\271\261\301\207\000xt\000\017fn.ln@gmail.comt\000\001ft\000\002lnt\000\003123pq\000~\0006xt\000\01245.2671352t\000\02119.83354959999997t\000\010Novi Sadsq\000~\000\003w\014\000\000\000\020?@\000\000\000\000\000\002sq\000~\000B\001\000\000\000\000\000\000\000\001t\000\005a@a.at\000\001at\000\001at\000\001apsq\000~\000B\001\000\000\000\000\000\000\000\002t\000\005c@c.ct\000\001ct\000\001ct\000\001cpxsq\000~\000M\000\000\000\000\000\000\000\001sq\000~\000\025w\010\000\000\001\\\002\367\231\000xsq\000~\000\003w\014\000\000\000\020?@\000\000\000\000\000\002sq\000~\000Q\000\000\000\000\000\000\000\002@i\000\000\000\000\000\000sq\000~\000T\000\000\000\000\000\000\000\002t\000\004Mesot\000\013Pljeskavicasq\000~\000Q\000\000\000\000\000\000\000\001@r\300\000\000\000\000\000sq\000~\000T\000\000\000\000\000\000\000\001t\000\004Mesot\000\005Girosxt\000\006Minutapt\000\012Brza hranasq\000~\000\003w\014\000\000\000\020?@\000\000\000\000\000\001sq\000~\000_\001\000\000\000\000\000\000\000\001t\000\005b@b.bt\000\001bpt\000\001bxpsq\000~\000e\000\000\000\001\000\000\000\004q\000~\000\356psq\000~\000\016\000\000\000\000\000\000\000\001psq\000~\000\022\000\000\000\000\000\000\000\001sq\000~\000\025w\010\000\000\001\\\002\367\231\000xsq\000~\000\003w\014\000\000\000\020?@\000\000\000\000\000\004sq\000~\000\030\000\000\000\000\000\000\000\004@b\300\000\000\000\000\000sq\000~\000\033\000\000\000\000\000\000\000\004t\000\003sokt\000\015Sok od jagodesq\000~\000\030\000\000\000\000\000\000\000\003@b\300\000\000\000\000\000sq\000~\000\033\000\000\000\000\000\000\000\003t\000\003sokt\000\011Coca-Colasq\000~\000\030\000\000\000\000\000\000\000\002@b\300\000\000\000\000\000sq\000~\000\033\000\000\000\000\000\000\000\002t\000\003sokt\000\005Fantasq\000~\000\030\000\000\000\000\000\000\000\001@b\300\000\000\000\000\000sq\000~\000\033\000\000\000\000\000\000\000\001t\000\003sokt\000\006Spritexsq\000~\000\003w\014\000\000\000\020?@\000\000\000\000\000\002sq\000~\000,\000\000\000\000\000\000\000\000\001\000\000\000 \000\000\000 sq\000~\000\025w\010\000\000\000\271\261\301\207\000xt\000\017fn.ln@gmail.comt\000\001ft\000\002lnt\000\003123pq\000~\0006sq\000~\000,\000\000\000\000\000\000\000\000\002\000\000\000 \000\000\000 sq\000~\000\025w\010\000\000\000\271\261\301\207\000xt\000\021emp.emp@gmail.comt\000\004emp2t\000\004emp2t\000\003emppq\000~\0006xt\000\01245.2671352t\000\02119.83354959999997t\000\010Novi Sadsq\000~\000\003w\014\000\000\000\020?@\000\000\000\000\000\002sq\000~\000B\001\000\000\000\000\000\000\000\001t\000\005a@a.at\000\001at\000\001at\000\001apsq\000~\000B\001\000\000\000\000\000\000\000\002t\000\005c@c.ct\000\001ct\000\001ct\000\001cpxsq\000~\000M\000\000\000\000\000\000\000\001sq\000~\000\025w\010\000\000\001\\\002\367\231\000xsq\000~\000\003w\014\000\000\000\020?@\000\000\000\000\000\002sq\000~\000Q\000\000\000\000\000\000\000\001@r\300\000\000\000\000\000sq\000~\000T\000\000\000\000\000\000\000\001t\000\004Mesot\000\005Girossq\000~\000Q\000\000\000\000\000\000\000\002@i\000\000\000\000\000\000sq\000~\000T\000\000\000\000\000\000\000\002t\000\004Mesot\000\013Pljeskavicaxt\000\006Minutapt\000\012Brza hranasq\000~\000\003w\014\000\000\000\020?@\000\000\000\000\000\001sq\000~\000_\001\000\000\000\000\000\000\000\001t\000\005b@b.bt\000\001bpt\000\001bxpsq\000~\000e\000\000\000\010\000\000\000\004sq\000~\000\012\000\000\000\000\000\000\000\006psq\000~\000\016\000\000\000\000\000\000\000\001psq\000~\000\022\000\000\000\000\000\000\000\001sq\000~\000\025w\010\000\000\001\\\002\367\231\000xsq\000~\000\003w\014\000\000\000\020?@\000\000\000\000\000\004sq\000~\000\030\000\000\000\000\000\000\000\003@b\300\000\000\000\000\000sq\000~\000\033\000\000\000\000\000\000\000\003t\000\003sokt\000\011Coca-Colasq\000~\000\030\000\000\000\000\000\000\000\002@b\300\000\000\000\000\000sq\000~\000\033\000\000\000\000\000\000\000\002t\000\003sokt\000\005Fantasq\000~\000\030\000\000\000\000\000\000\000\004@b\300\000\000\000\000\000sq\000~\000\033\000\000\000\000\000\000\000\004t\000\003sokt\000\015Sok od jagodesq\000~\000\030\000\000\000\000\000\000\000\001@b\300\000\000\000\000\000sq\000~\000\033\000\000\000\000\000\000\000\001t\000\003sokt\000\006Spritexsq\000~\000\003w\014\000\000\000\020?@\000\000\000\000\000\002sq\000~\000,\000\000\000\000\000\000\000\000\001\000\000\000 \000\000\000 sq\000~\000\025w\010\000\000\000\271\261\301\207\000xt\000\017fn.ln@gmail.comt\000\001ft\000\002lnt\000\003123pq\000~\0006sq\000~\000,\000\000\000\000\000\000\000\000\002\000\000\000 \000\000\000 sq\000~\000\025w\010\000\000\000\271\261\301\207\000xt\000\021emp.emp@gmail.comt\000\004emp2t\000\004emp2t\000\003emppq\000~\0006xt\000\01245.2671352t\000\02119.83354959999997t\000\010Novi Sadsq\000~\000\003w\014\000\000\000\020?@\000\000\000\000\000\002sq\000~\000B\001\000\000\000\000\000\000\000\002t\000\005c@c.ct\000\001ct\000\001ct\000\001cpsq\000~\000B\001\000\000\000\000\000\000\000\001t\000\005a@a.at\000\001at\000\001at\000\001apxsq\000~\000M\000\000\000\000\000\000\000\001sq\000~\000\025w\010\000\000\001\\\002\367\231\000xsq\000~\000\003w\014\000\000\000\020?@\000\000\000\000\000\002sq\000~\000Q\000\000\000\000\000\000\000\001@r\300\000\000\000\000\000sq\000~\000T\000\000\000\000\000\000\000\001t\000\004Mesot\000\005Girossq\000~\000Q\000\000\000\000\000\000\000\002@i\000\000\000\000\000\000sq\000~\000T\000\000\000\000\000\000\000\002t\000\004Mesot\000\013Pljeskavicaxt\000\006Minutapt\000\012Brza hranasq\000~\000\003w\014\000\000\000\020?@\000\000\000\000\000\001sq\000~\000_\001\000\000\000\000\000\000\000\001t\000\005b@b.bt\000\001bpt\000\001bxpsq\000~\000e\000\000\000\003\000\000\000\004sq\000~\000\012\000\000\000\000\000\000\000\003psq\000~\000\016\000\000\000\000\000\000\000\001psq\000~\000\022\000\000\000\000\000\000\000\001sq\000~\000\025w\010\000\000\001\\\002\367\231\000xsq\000~\000\003w\014\000\000\000\020?@\000\000\000\000\000\004sq\000~\000\030\000\000\000\000\000\000\000\001@b\300\000\000\000\000\000sq\000~\000\033\000\000\000\000\000\000\000\001t\000\003sokt\000\006Spritesq\000~\000\030\000\000\000\000\000\000\000\002@b\300\000\000\000\000\000sq\000~\000\033\000\000\000\000\000\000\000\002t\000\003sokt\000\005Fantasq\000~\000\030\000\000\000\000\000\000\000\004@b\300\000\000\000\000\000sq\000~\000\033\000\000\000\000\000\000\000\004t\000\003sokt\000\015Sok od jagodesq\000~\000\030\000\000\000\000\000\000\000\003@b\300\000\000\000\000\000sq\000~\000\033\000\000\000\000\000\000\000\003t\000\003sokt\000\011Coca-Colaxsq\000~\000\003w\014\000\000\000\020?@\000\000\000\000\000\002sq\000~\000,\000\000\000\000\000\000\000\000\001\000\000\000 \000\000\000 sq\000~\000\025w\010\000\000\000\271\261\301\207\000xt\000\017fn.ln@gmail.comt\000\001ft\000\002lnt\000\003123pq\000~\0006sq\000~\000,\000\000\000\000\000\000\000\000\002\000\000\000 \000\000\000 sq\000~\000\025w\010\000\000\000\271\261\301\207\000xt\000\021emp.emp@gmail.comt\000\004emp2t\000\004emp2t\000\003emppq\000~\0006xt\000\01245.2671352t\000\02119.83354959999997t\000\010Novi Sadsq\000~\000\003w\014\000\000\000\020?@\000\000\000\000\000\002sq\000~\000B\001\000\000\000\000\000\000\000\002t\000\005c@c.ct\000\001ct\000\001ct\000\001cpsq\000~\000B\001\000\000\000\000\000\000\000\001t\000\005a@a.at\000\001at\000\001at\000\001apxsq\000~\000M\000\000\000\000\000\000\000\001sq\000~\000\025w\010\000\000\001\\\002\367\231\000xsq\000~\000\003w\014\000\000\000\020?@\000\000\000\000\000\002sq\000~\000Q\000\000\000\000\000\000\000\001@r\300\000\000\000\000\000sq\000~\000T\000\000\000\000\000\000\000\001t\000\004Mesot\000\005Girossq\000~\000Q\000\000\000\000\000\000\000\002@i\000\000\000\000\000\000sq\000~\000T\000\000\000\000\000\000\000\002t\000\004Mesot\000\013Pljeskavicaxt\000\006Minutapt\000\012Brza hranasq\000~\000\003w\014\000\000\000\020?@\000\000\000\000\000\001sq\000~\000_\001\000\000\000\000\000\000\000\001t\000\005b@b.bt\000\001bpt\000\001bxpxsq\000~\000\005q\000~\002\303t\000\015nepusacki deosq\000~\000\016\000\000\000\000\000\000\000\001psq\000~\000\022\000\000\000\000\000\000\000\001sq\000~\000\025w\010\000\000\001\\\002\367\231\000xsq\000~\000\003w\014\000\000\000\020?@\000\000\000\000\000\004sq\000~\000\030\000\000\000\000\000\000\000\004@b\300\000\000\000\000\000sq\000~\000\033\000\000\000\000\000\000\000\004t\000\003sokt\000\015Sok od jagodesq\000~\000\030\000\000\000\000\000\000\000\002@b\300\000\000\000\000\000sq\000~\000\033\000\000\000\000\000\000\000\002t\000\003sokt\000\005Fantasq\000~\000\030\000\000\000\000\000\000\000\003@b\300\000\000\000\000\000sq\000~\000\033\000\000\000\000\000\000\000\003t\000\003sokt\000\011Coca-Colasq\000~\000\030\000\000\000\000\000\000\000\001@b\300\000\000\000\000\000sq\000~\000\033\000\000\000\000\000\000\000\001t\000\003sokt\000\006Spritexsq\000~\000\003w\014\000\000\000\020?@\000\000\000\000\000\002sq\000~\000,\000\000\000\000\000\000\000\000\002\000\000\000 \000\000\000 sq\000~\000\025w\010\000\000\000\271\261\301\207\000xt\000\021emp.emp@gmail.comt\000\004emp2t\000\004emp2t\000\003emppq\000~\0006sq\000~\000,\000\000\000\000\000\000\000\000\001\000\000\000 \000\000\000 sq\000~\000\025w\010\000\000\000\271\261\301\207\000xt\000\017fn.ln@gmail.comt\000\001ft\000\002lnt\000\003123pq\000~\0006xt\000\01245.2671352t\000\02119.83354959999997t\000\010Novi Sadsq\000~\000\003w\014\000\000\000\020?@\000\000\000\000\000\002sq\000~\000B\001\000\000\000\000\000\000\000\002t\000\005c@c.ct\000\001ct\000\001ct\000\001cpsq\000~\000B\001\000\000\000\000\000\000\000\001t\000\005a@a.at\000\001at\000\001at\000\001apxsq\000~\000M\000\000\000\000\000\000\000\001sq\000~\000\025w\010\000\000\001\\\002\367\231\000xsq\000~\000\003w\014\000\000\000\020?@\000\000\000\000\000\002sq\000~\000Q\000\000\000\000\000\000\000\001@r\300\000\000\000\000\000sq\000~\000T\000\000\000\000\000\000\000\001t\000\004Mesot\000\005Girossq\000~\000Q\000\000\000\000\000\000\000\002@i\000\000\000\000\000\000sq\000~\000T\000\000\000\000\000\000\000\002t\000\004Mesot\000\013Pljeskavicaxt\000\006Minutapt\000\012Brza hranasq\000~\000\003w\014\000\000\000\020?@\000\000\000\000\000\001sq\000~\000_\001\000\000\000\000\000\000\000\001t\000\005b@b.bt\000\001bpt\000\001bxpsq\000~\000\003w\014\000\000\000\020?@\000\000\000\000\000\003sq\000~\000e\000\000\000\012\000\000\000\004sq\000~\000\012\000\000\000\000\000\000\000\012psq\000~\000\016\000\000\000\000\000\000\000\001psq\000~\000\022\000\000\000\000\000\000\000\001sq\000~\000\025w\010\000\000\001\\\002\367\231\000xsq\000~\000\003w\014\000\000\000\020?@\000\000\000\000\000\004sq\000~\000\030\000\000\000\000\000\000\000\003@b\300\000\000\000\000\000sq\000~\000\033\000\000\000\000\000\000\000\003t\000\003sokt\000\011Coca-Colasq\000~\000\030\000\000\000\000\000\000\000\002@b\300\000\000\000\000\000sq\000~\000\033\000\000\000\000\000\000\000\002t\000\003sokt\000\005Fantasq\000~\000\030\000\000\000\000\000\000\000\001@b\300\000\000\000\000\000sq\000~\000\033\000\000\000\000\000\000\000\001t\000\003sokt\000\006Spritesq\000~\000\030\000\000\000\000\000\000\000\004@b\300\000\000\000\000\000sq\000~\000\033\000\000\000\000\000\000\000\004t\000\003sokt\000\015Sok od jagodexsq\000~\000\003w\014\000\000\000\020?@\000\000\000\000\000\002sq\000~\000,\000\000\000\000\000\000\000\000\001\000\000\000 \000\000\000 sq\000~\000\025w\010\000\000\000\271\261\301\207\000xt\000\017fn.ln@gmail.comt\000\001ft\000\002lnt\000\003123pq\000~\0006sq\000~\000,\000\000\000\000\000\000\000\000\002\000\000\000 \000\000\000 sq\000~\000\025w\010\000\000\000\271\261\301\207\000xt\000\021emp.emp@gmail.comt\000\004emp2t\000\004emp2t\000\003emppq\000~\0006xt\000\01245.2671352t\000\02119.83354959999997t\000\010Novi Sadsq\000~\000\003w\014\000\000\000\020?@\000\000\000\000\000\002sq\000~\000B\001\000\000\000\000\000\000\000\002t\000\005c@c.ct\000\001ct\000\001ct\000\001cpsq\000~\000B\001\000\000\000\000\000\000\000\001t\000\005a@a.at\000\001at\000\001at\000\001apxsq\000~\000M\000\000\000\000\000\000\000\001sq\000~\000\025w\010\000\000\001\\\002\367\231\000xsq\000~\000\003w\014\000\000\000\020?@\000\000\000\000\000\002sq\000~\000Q\000\000\000\000\000\000\000\002@i\000\000\000\000\000\000sq\000~\000T\000\000\000\000\000\000\000\002t\000\004Mesot\000\013Pljeskavicasq\000~\000Q\000\000\000\000\000\000\000\001@r\300\000\000\000\000\000sq\000~\000T\000\000\000\000\000\000\000\001t\000\004Mesot\000\005Girosxt\000\006Minutapt\000\012Brza hranasq\000~\000\003w\014\000\000\000\020?@\000\000\000\000\000\001sq\000~\000_\001\000\000\000\000\000\000\000\001t\000\005b@b.bt\000\001bpt\000\001bxpsq\000~\000e\000\000\000\013\000\000\000\004sq\000~\000\012\000\000\000\000\000\000\000\013psq\000~\000\016\000\000\000\000\000\000\000\001psq\000~\000\022\000\000\000\000\000\000\000\001sq\000~\000\025w\010\000\000\001\\\002\367\231\000xsq\000~\000\003w\014\000\000\000\020?@\000\000\000\000\000\004sq\000~\000\030\000\000\000\000\000\000\000\002@b\300\000\000\000\000\000sq\000~\000\033\000\000\000\000\000\000\000\002t\000\003sokt\000\005Fantasq\000~\000\030\000\000\000\000\000\000\000\003@b\300\000\000\000\000\000sq\000~\000\033\000\000\000\000\000\000\000\003t\000\003sokt\000\011Coca-Colasq\000~\000\030\000\000\000\000\000\000\000\004@b\300\000\000\000\000\000sq\000~\000\033\000\000\000\000\000\000\000\004t\000\003sokt\000\015Sok od jagodesq\000~\000\030\000\000\000\000\000\000\000\001@b\300\000\000\000\000\000sq\000~\000\033\000\000\000\000\000\000\000\001t\000\003sokt\000\006Spritexsq\000~\000\003w\014\000\000\000\020?@\000\000\000\000\000\002sq\000~\000,\000\000\000\000\000\000\000\000\002\000\000\000 \000\000\000 sq\000~\000\025w\010\000\000\000\271\261\301\207\000xt\000\021emp.emp@gmail.comt\000\004emp2t\000\004emp2t\000\003emppq\000~\0006sq\000~\000,\000\000\000\000\000\000\000\000\001\000\000\000 \000\000\000 sq\000~\000\025w\010\000\000\000\271\261\301\207\000xt\000\017fn.ln@gmail.comt\000\001ft\000\002lnt\000\003123pq\000~\0006xt\000\01245.2671352t\000\02119.83354959999997t\000\010Novi Sadsq\000~\000\003w\014\000\000\000\020?@\000\000\000\000\000\002sq\000~\000B\001\000\000\000\000\000\000\000\001t\000\005a@a.at\000\001at\000\001at\000\001apsq\000~\000B\001\000\000\000\000\000\000\000\002t\000\005c@c.ct\000\001ct\000\001ct\000\001cpxsq\000~\000M\000\000\000\000\000\000\000\001sq\000~\000\025w\010\000\000\001\\\002\367\231\000xsq\000~\000\003w\014\000\000\000\020?@\000\000\000\000\000\002sq\000~\000Q\000\000\000\000\000\000\000\001@r\300\000\000\000\000\000sq\000~\000T\000\000\000\000\000\000\000\001t\000\004Mesot\000\005Girossq\000~\000Q\000\000\000\000\000\000\000\002@i\000\000\000\000\000\000sq\000~\000T\000\000\000\000\000\000\000\002t\000\004Mesot\000\013Pljeskavicaxt\000\006Minutapt\000\012Brza hranasq\000~\000\003w\014\000\000\000\020?@\000\000\000\000\000\001sq\000~\000_\001\000\000\000\000\000\000\000\001t\000\005b@b.bt\000\001bpt\000\001bxpsq\000~\000e\000\000\000\005\000\000\000\004sq\000~\000\012\000\000\000\000\000\000\000\011psq\000~\000\016\000\000\000\000\000\000\000\001psq\000~\000\022\000\000\000\000\000\000\000\001sq\000~\000\025w\010\000\000\001\\\002\367\231\000xsq\000~\000\003w\014\000\000\000\020?@\000\000\000\000\000\004sq\000~\000\030\000\000\000\000\000\000\000\003@b\300\000\000\000\000\000sq\000~\000\033\000\000\000\000\000\000\000\003t\000\003sokt\000\011Coca-Colasq\000~\000\030\000\000\000\000\000\000\000\002@b\300\000\000\000\000\000sq\000~\000\033\000\000\000\000\000\000\000\002t\000\003sokt\000\005Fantasq\000~\000\030\000\000\000\000\000\000\000\004@b\300\000\000\000\000\000sq\000~\000\033\000\000\000\000\000\000\000\004t\000\003sokt\000\015Sok od jagodesq\000~\000\030\000\000\000\000\000\000\000\001@b\300\000\000\000\000\000sq\000~\000\033\000\000\000\000\000\000\000\001t\000\003sokt\000\006Spritexsq\000~\000\003w\014\000\000\000\020?@\000\000\000\000\000\002sq\000~\000,\000\000\000\000\000\000\000\000\002\000\000\000 \000\000\000 sq\000~\000\025w\010\000\000\000\271\261\301\207\000xt\000\021emp.emp@gmail.comt\000\004emp2t\000\004emp2t\000\003emppq\000~\0006sq\000~\000,\000\000\000\000\000\000\000\000\001\000\000\000 \000\000\000 sq\000~\000\025w\010\000\000\000\271\261\301\207\000xt\000\017fn.ln@gmail.comt\000\001ft\000\002lnt\000\003123pq\000~\0006xt\000\01245.2671352t\000\02119.83354959999997t\000\010Novi Sadsq\000~\000\003w\014\000\000\000\020?@\000\000\000\000\000\002sq\000~\000B\001\000\000\000\000\000\000\000\002t\000\005c@c.ct\000\001ct\000\001ct\000\001cpsq\000~\000B\001\000\000\000\000\000\000\000\001t\000\005a@a.at\000\001at\000\001at\000\001apxsq\000~\000M\000\000\000\000\000\000\000\001sq\000~\000\025w\010\000\000\001\\\002\367\231\000xsq\000~\000\003w\014\000\000\000\020?@\000\000\000\000\000\002sq\000~\000Q\000\000\000\000\000\000\000\002@i\000\000\000\000\000\000sq\000~\000T\000\000\000\000\000\000\000\002t\000\004Mesot\000\013Pljeskavicasq\000~\000Q\000\000\000\000\000\000\000\001@r\300\000\000\000\000\000sq\000~\000T\000\000\000\000\000\000\000\001t\000\004Mesot\000\005Girosxt\000\006Minutapt\000\012Brza hranasq\000~\000\003w\014\000\000\000\020?@\000\000\000\000\000\001sq\000~\000_\001\000\000\000\000\000\000\000\001t\000\005b@b.bt\000\001bpt\000\001bxpxsq\000~\000\005q\000~\001\373t\000\006terasasq\000~\000\016\000\000\000\000\000\000\000\001psq\000~\000\022\000\000\000\000\000\000\000\001sq\000~\000\025w\010\000\000\001\\\002\367\231\000xsq\000~\000\003w\014\000\000\000\020?@\000\000\000\000\000\004sq\000~\000\030\000\000\000\000\000\000\000\001@b\300\000\000\000\000\000sq\000~\000\033\000\000\000\000\000\000\000\001t\000\003sokt\000\006Spritesq\000~\000\030\000\000\000\000\000\000\000\004@b\300\000\000\000\000\000sq\000~\000\033\000\000\000\000\000\000\000\004t\000\003sokt\000\015Sok od jagodesq\000~\000\030\000\000\000\000\000\000\000\003@b\300\000\000\000\000\000sq\000~\000\033\000\000\000\000\000\000\000\003t\000\003sokt\000\011Coca-Colasq\000~\000\030\000\000\000\000\000\000\000\002@b\300\000\000\000\000\000sq\000~\000\033\000\000\000\000\000\000\000\002t\000\003sokt\000\005Fantaxsq\000~\000\003w\014\000\000\000\020?@\000\000\000\000\000\002sq\000~\000,\000\000\000\000\000\000\000\000\002\000\000\000 \000\000\000 sq\000~\000\025w\010\000\000\000\271\261\301\207\000xt\000\021emp.emp@gmail.comt\000\004emp2t\000\004emp2t\000\003emppq\000~\0006sq\000~\000,\000\000\000\000\000\000\000\000\001\000\000\000 \000\000\000 sq\000~\000\025w\010\000\000\000\271\261\301\207\000xt\000\017fn.ln@gmail.comt\000\001ft\000\002lnt\000\003123pq\000~\0006xt\000\01245.2671352t\000\02119.83354959999997t\000\010Novi Sadsq\000~\000\003w\014\000\000\000\020?@\000\000\000\000\000\002sq\000~\000B\001\000\000\000\000\000\000\000\001t\000\005a@a.at\000\001at\000\001at\000\001apsq\000~\000B\001\000\000\000\000\000\000\000\002t\000\005c@c.ct\000\001ct\000\001ct\000\001cpxsq\000~\000M\000\000\000\000\000\000\000\001sq\000~\000\025w\010\000\000\001\\\002\367\231\000xsq\000~\000\003w\014\000\000\000\020?@\000\000\000\000\000\002sq\000~\000Q\000\000\000\000\000\000\000\002@i\000\000\000\000\000\000sq\000~\000T\000\000\000\000\000\000\000\002t\000\004Mesot\000\013Pljeskavicasq\000~\000Q\000\000\000\000\000\000\000\001@r\300\000\000\000\000\000sq\000~\000T\000\000\000\000\000\000\000\001t\000\004Mesot\000\005Girosxt\000\006Minutapt\000\012Brza hranasq\000~\000\003w\014\000\000\000\020?@\000\000\000\000\000\001sq\000~\000_\001\000\000\000\000\000\000\000\001t\000\005b@b.bt\000\001bpt\000\001bxpsq\000~\000\003w\014\000\000\000\020?@\000\000\000\000\000\010sq\000~\000e\000\000\000\017\000\000\000\002sq\000~\000\012\000\000\000\000\000\000\000\017psq\000~\000\016\000\000\000\000\000\000\000\001psq\000~\000\022\000\000\000\000\000\000\000\001sq\000~\000\025w\010\000\000\001\\\002\367\231\000xsq\000~\000\003w\014\000\000\000\020?@\000\000\000\000\000\004sq\000~\000\030\000\000\000\000\000\000\000\001@b\300\000\000\000\000\000sq\000~\000\033\000\000\000\000\000\000\000\001t\000\003sokt\000\006Spritesq\000~\000\030\000\000\000\000\000\000\000\004@b\300\000\000\000\000\000sq\000~\000\033\000\000\000\000\000\000\000\004t\000\003sokt\000\015Sok od jagodesq\000~\000\030\000\000\000\000\000\000\000\002@b\300\000\000\000\000\000sq\000~\000\033\000\000\000\000\000\000\000\002t\000\003sokt\000\005Fantasq\000~\000\030\000\000\000\000\000\000\000\003@b\300\000\000\000\000\000sq\000~\000\033\000\000\000\000\000\000\000\003t\000\003sokt\000\011Coca-Colaxsq\000~\000\003w\014\000\000\000\020?@\000\000\000\000\000\002sq\000~\000,\000\000\000\000\000\000\000\000\001\000\000\000 \000\000\000 sq\000~\000\025w\010\000\000\000\271\261\301\207\000xt\000\017fn.ln@gmail.comt\000\001ft\000\002lnt\000\003123pq\000~\0006sq\000~\000,\000\000\000\000\000\000\000\000\002\000\000\000 \000\000\000 sq\000~\000\025w\010\000\000\000\271\261\301\207\000xt\000\021emp.emp@gmail.comt\000\004emp2t\000\004emp2t\000\003emppq\000~\0006xt\000\01245.2671352t\000\02119.83354959999997t\000\010Novi Sadsq\000~\000\003w\014\000\000\000\020?@\000\000\000\000\000\002sq\000~\000B\001\000\000\000\000\000\000\000\001t\000\005a@a.at\000\001at\000\001at\000\001apsq\000~\000B\001\000\000\000\000\000\000\000\002t\000\005c@c.ct\000\001ct\000\001ct\000\001cpxsq\000~\000M\000\000\000\000\000\000\000\001sq\000~\000\025w\010\000\000\001\\\002\367\231\000xsq\000~\000\003w\014\000\000\000\020?@\000\000\000\000\000\002sq\000~\000Q\000\000\000\000\000\000\000\001@r\300\000\000\000\000\000sq\000~\000T\000\000\000\000\000\000\000\001t\000\004Mesot\000\005Girossq\000~\000Q\000\000\000\000\000\000\000\002@i\000\000\000\000\000\000sq\000~\000T\000\000\000\000\000\000\000\002t\000\004Mesot\000\013Pljeskavicaxt\000\006Minutapt\000\012Brza hranasq\000~\000\003w\014\000\000\000\020?@\000\000\000\000\000\001sq\000~\000_\001\000\000\000\000\000\000\000\001t\000\005b@b.bt\000\001bpt\000\001bxpsq\000~\000e\000\000\000\024\000\000\000\002sq\000~\000\012\000\000\000\000\000\000\000\024psq\000~\000\016\000\000\000\000\000\000\000\001psq\000~\000\022\000\000\000\000\000\000\000\001sq\000~\000\025w\010\000\000\001\\\002\367\231\000xsq\000~\000\003w\014\000\000\000\020?@\000\000\000\000\000\004sq\000~\000\030\000\000\000\000\000\000\000\003@b\300\000\000\000\000\000sq\000~\000\033\000\000\000\000\000\000\000\003t\000\003sokt\000\011Coca-Colasq\000~\000\030\000\000\000\000\000\000\000\002@b\300\000\000\000\000\000sq\000~\000\033\000\000\000\000\000\000\000\002t\000\003sokt\000\005Fantasq\000~\000\030\000\000\000\000\000\000\000\001@b\300\000\000\000\000\000sq\000~\000\033\000\000\000\000\000\000\000\001t\000\003sokt\000\006Spritesq\000~\000\030\000\000\000\000\000\000\000\004@b\300\000\000\000\000\000sq\000~\000\033\000\000\000\000\000\000\000\004t\000\003sokt\000\015Sok od jagodexsq\000~\000\003w\014\000\000\000\020?@\000\000\000\000\000\002sq\000~\000,\000\000\000\000\000\000\000\000\002\000\000\000 \000\000\000 sq\000~\000\025w\010\000\000\000\271\261\301\207\000xt\000\021emp.emp@gmail.comt\000\004emp2t\000\004emp2t\000\003emppq\000~\0006sq\000~\000,\000\000\000\000\000\000\000\000\001\000\000\000 \000\000\000 sq\000~\000\025w\010\000\000\000\271\261\301\207\000xt\000\017fn.ln@gmail.comt\000\001ft\000\002lnt\000\003123pq\000~\0006xt\000\01245.2671352t\000\02119.83354959999997t\000\010Novi Sadsq\000~\000\003w\014\000\000\000\020?@\000\000\000\000\000\002sq\000~\000B\001\000\000\000\000\000\000\000\001t\000\005a@a.at\000\001at\000\001at\000\001apsq\000~\000B\001\000\000\000\000\000\000\000\002t\000\005c@c.ct\000\001ct\000\001ct\000\001cpxsq\000~\000M\000\000\000\000\000\000\000\001sq\000~\000\025w\010\000\000\001\\\002\367\231\000xsq\000~\000\003w\014\000\000\000\020?@\000\000\000\000\000\002sq\000~\000Q\000\000\000\000\000\000\000\001@r\300\000\000\000\000\000sq\000~\000T\000\000\000\000\000\000\000\001t\000\004Mesot\000\005Girossq\000~\000Q\000\000\000\000\000\000\000\002@i\000\000\000\000\000\000sq\000~\000T\000\000\000\000\000\000\000\002t\000\004Mesot\000\013Pljeskavicaxt\000\006Minutapt\000\012Brza hranasq\000~\000\003w\014\000\000\000\020?@\000\000\000\000\000\001sq\000~\000_\001\000\000\000\000\000\000\000\001t\000\005b@b.bt\000\001bpt\000\001bxpsq\000~\000e\000\000\000\016\000\000\000\002sq\000~\000\012\000\000\000\000\000\000\000\016psq\000~\000\016\000\000\000\000\000\000\000\001psq\000~\000\022\000\000\000\000\000\000\000\001sq\000~\000\025w\010\000\000\001\\\002\367\231\000xsq\000~\000\003w\014\000\000\000\020?@\000\000\000\000\000\004sq\000~\000\030\000\000\000\000\000\000\000\004@b\300\000\000\000\000\000sq\000~\000\033\000\000\000\000\000\000\000\004t\000\003sokt\000\015Sok od jagodesq\000~\000\030\000\000\000\000\000\000\000\003@b\300\000\000\000\000\000sq\000~\000\033\000\000\000\000\000\000\000\003t\000\003sokt\000\011Coca-Colasq\000~\000\030\000\000\000\000\000\000\000\001@b\300\000\000\000\000\000sq\000~\000\033\000\000\000\000\000\000\000\001t\000\003sokt\000\006Spritesq\000~\000\030\000\000\000\000\000\000\000\002@b\300\000\000\000\000\000sq\000~\000\033\000\000\000\000\000\000\000\002t\000\003sokt\000\005Fantaxsq\000~\000\003w\014\000\000\000\020?@\000\000\000\000\000\002sq\000~\000,\000\000\000\000\000\000\000\000\001\000\000\000 \000\000\000 sq\000~\000\025w\010\000\000\000\271\261\301\207\000xt\000\017fn.ln@gmail.comt\000\001ft\000\002lnt\000\003123pq\000~\0006sq\000~\000,\000\000\000\000\000\000\000\000\002\000\000\000 \000\000\000 sq\000~\000\025w\010\000\000\000\271\261\301\207\000xt\000\021emp.emp@gmail.comt\000\004emp2t\000\004emp2t\000\003emppq\000~\0006xt\000\01245.2671352t\000\02119.83354959999997t\000\010Novi Sadsq\000~\000\003w\014\000\000\000\020?@\000\000\000\000\000\002sq\000~\000B\001\000\000\000\000\000\000\000\001t\000\005a@a.at\000\001at\000\001at\000\001apsq\000~\000B\001\000\000\000\000\000\000\000\002t\000\005c@c.ct\000\001ct\000\001ct\000\001cpxsq\000~\000M\000\000\000\000\000\000\000\001sq\000~\000\025w\010\000\000\001\\\002\367\231\000xsq\000~\000\003w\014\000\000\000\020?@\000\000\000\000\000\002sq\000~\000Q\000\000\000\000\000\000\000\001@r\300\000\000\000\000\000sq\000~\000T\000\000\000\000\000\000\000\001t\000\004Mesot\000\005Girossq\000~\000Q\000\000\000\000\000\000\000\002@i\000\000\000\000\000\000sq\000~\000T\000\000\000\000\000\000\000\002t\000\004Mesot\000\013Pljeskavicaxt\000\006Minutapt\000\012Brza hranasq\000~\000\003w\014\000\000\000\020?@\000\000\000\000\000\001sq\000~\000_\001\000\000\000\000\000\000\000\001t\000\005b@b.bt\000\001bpt\000\001bxpsq\000~\000e\000\000\000\014\000\000\000\004sq\000~\000\012\000\000\000\000\000\000\000\014psq\000~\000\016\000\000\000\000\000\000\000\001psq\000~\000\022\000\000\000\000\000\000\000\001sq\000~\000\025w\010\000\000\001\\\002\367\231\000xsq\000~\000\003w\014\000\000\000\020?@\000\000\000\000\000\004sq\000~\000\030\000\000\000\000\000\000\000\003@b\300\000\000\000\000\000sq\000~\000\033\000\000\000\000\000\000\000\003t\000\003sokt\000\011Coca-Colasq\000~\000\030\000\000\000\000\000\000\000\004@b\300\000\000\000\000\000sq\000~\000\033\000\000\000\000\000\000\000\004t\000\003sokt\000\015Sok od jagodesq\000~\000\030\000\000\000\000\000\000\000\002@b\300\000\000\000\000\000sq\000~\000\033\000\000\000\000\000\000\000\002t\000\003sokt\000\005Fantasq\000~\000\030\000\000\000\000\000\000\000\001@b\300\000\000\000\000\000sq\000~\000\033\000\000\000\000\000\000\000\001t\000\003sokt\000\006Spritexsq\000~\000\003w\014\000\000\000\020?@\000\000\000\000\000\002sq\000~\000,\000\000\000\000\000\000\000\000\001\000\000\000 \000\000\000 sq\000~\000\025w\010\000\000\000\271\261\301\207\000xt\000\017fn.ln@gmail.comt\000\001ft\000\002lnt\000\003123pq\000~\0006sq\000~\000,\000\000\000\000\000\000\000\000\002\000\000\000 \000\000\000 sq\000~\000\025w\010\000\000\000\271\261\301\207\000xt\000\021emp.emp@gmail.comt\000\004emp2t\000\004emp2t\000\003emppq\000~\0006xt\000\01245.2671352t\000\02119.83354959999997t\000\010Novi Sadsq\000~\000\003w\014\000\000\000\020?@\000\000\000\000\000\002sq\000~\000B\001\000\000\000\000\000\000\000\001t\000\005a@a.at\000\001at\000\001at\000\001apsq\000~\000B\001\000\000\000\000\000\000\000\002t\000\005c@c.ct\000\001ct\000\001ct\000\001cpxsq\000~\000M\000\000\000\000\000\000\000\001sq\000~\000\025w\010\000\000\001\\\002\367\231\000xsq\000~\000\003w\014\000\000\000\020?@\000\000\000\000\000\002sq\000~\000Q\000\000\000\000\000\000\000\002@i\000\000\000\000\000\000sq\000~\000T\000\000\000\000\000\000\000\002t\000\004Mesot\000\013Pljeskavicasq\000~\000Q\000\000\000\000\000\000\000\001@r\300\000\000\000\000\000sq\000~\000T\000\000\000\000\000\000\000\001t\000\004Mesot\000\005Girosxt\000\006Minutapt\000\012Brza hranasq\000~\000\003w\014\000\000\000\020?@\000\000\000\000\000\001sq\000~\000_\001\000\000\000\000\000\000\000\001t\000\005b@b.bt\000\001bpt\000\001bxpsq\000~\000e\000\000\000\021\000\000\000\002sq\000~\000\012\000\000\000\000\000\000\000\021psq\000~\000\016\000\000\000\000\000\000\000\001psq\000~\000\022\000\000\000\000\000\000\000\001sq\000~\000\025w\010\000\000\001\\\002\367\231\000xsq\000~\000\003w\014\000\000\000\020?@\000\000\000\000\000\004sq\000~\000\030\000\000\000\000\000\000\000\003@b\300\000\000\000\000\000sq\000~\000\033\000\000\000\000\000\000\000\003t\000\003sokt\000\011Coca-Colasq\000~\000\030\000\000\000\000\000\000\000\004@b\300\000\000\000\000\000sq\000~\000\033\000\000\000\000\000\000\000\004t\000\003sokt\000\015Sok od jagodesq\000~\000\030\000\000\000\000\000\000\000\002@b\300\000\000\000\000\000sq\000~\000\033\000\000\000\000\000\000\000\002t\000\003sokt\000\005Fantasq\000~\000\030\000\000\000\000\000\000\000\001@b\300\000\000\000\000\000sq\000~\000\033\000\000\000\000\000\000\000\001t\000\003sokt\000\006Spritexsq\000~\000\003w\014\000\000\000\020?@\000\000\000\000\000\002sq\000~\000,\000\000\000\000\000\000\000\000\001\000\000\000 \000\000\000 sq\000~\000\025w\010\000\000\000\271\261\301\207\000xt\000\017fn.ln@gmail.comt\000\001ft\000\002lnt\000\003123pq\000~\0006sq\000~\000,\000\000\000\000\000\000\000\000\002\000\000\000 \000\000\000 sq\000~\000\025w\010\000\000\000\271\261\301\207\000xt\000\021emp.emp@gmail.comt\000\004emp2t\000\004emp2t\000\003emppq\000~\0006xt\000\01245.2671352t\000\02119.83354959999997t\000\010Novi Sadsq\000~\000\003w\014\000\000\000\020?@\000\000\000\000\000\002sq\000~\000B\001\000\000\000\000\000\000\000\001t\000\005a@a.at\000\001at\000\001at\000\001apsq\000~\000B\001\000\000\000\000\000\000\000\002t\000\005c@c.ct\000\001ct\000\001ct\000\001cpxsq\000~\000M\000\000\000\000\000\000\000\001sq\000~\000\025w\010\000\000\001\\\002\367\231\000xsq\000~\000\003w\014\000\000\000\020?@\000\000\000\000\000\002sq\000~\000Q\000\000\000\000\000\000\000\002@i\000\000\000\000\000\000sq\000~\000T\000\000\000\000\000\000\000\002t\000\004Mesot\000\013Pljeskavicasq\000~\000Q\000\000\000\000\000\000\000\001@r\300\000\000\000\000\000sq\000~\000T\000\000\000\000\000\000\000\001t\000\004Mesot\000\005Girosxt\000\006Minutapt\000\012Brza hranasq\000~\000\003w\014\000\000\000\020?@\000\000\000\000\000\001sq\000~\000_\001\000\000\000\000\000\000\000\001t\000\005b@b.bt\000\001bpt\000\001bxpsq\000~\000e\000\000\000\020\000\000\000\002sq\000~\000\012\000\000\000\000\000\000\000\020psq\000~\000\016\000\000\000\000\000\000\000\001psq\000~\000\022\000\000\000\000\000\000\000\001sq\000~\000\025w\010\000\000\001\\\002\367\231\000xsq\000~\000\003w\014\000\000\000\020?@\000\000\000\000\000\004sq\000~\000\030\000\000\000\000\000\000\000\004@b\300\000\000\000\000\000sq\000~\000\033\000\000\000\000\000\000\000\004t\000\003sokt\000\015Sok od jagodesq\000~\000\030\000\000\000\000\000\000\000\002@b\300\000\000\000\000\000sq\000~\000\033\000\000\000\000\000\000\000\002t\000\003sokt\000\005Fantasq\000~\000\030\000\000\000\000\000\000\000\003@b\300\000\000\000\000\000sq\000~\000\033\000\000\000\000\000\000\000\003t\000\003sokt\000\011Coca-Colasq\000~\000\030\000\000\000\000\000\000\000\001@b\300\000\000\000\000\000sq\000~\000\033\000\000\000\000\000\000\000\001t\000\003sokt\000\006Spritexsq\000~\000\003w\014\000\000\000\020?@\000\000\000\000\000\002sq\000~\000,\000\000\000\000\000\000\000\000\002\000\000\000 \000\000\000 sq\000~\000\025w\010\000\000\000\271\261\301\207\000xt\000\021emp.emp@gmail.comt\000\004emp2t\000\004emp2t\000\003emppq\000~\0006sq\000~\000,\000\000\000\000\000\000\000\000\001\000\000\000 \000\000\000 sq\000~\000\025w\010\000\000\000\271\261\301\207\000xt\000\017fn.ln@gmail.comt\000\001ft\000\002lnt\000\003123pq\000~\0006xt\000\01245.2671352t\000\02119.83354959999997t\000\010Novi Sadsq\000~\000\003w\014\000\000\000\020?@\000\000\000\000\000\002sq\000~\000B\001\000\000\000\000\000\000\000\002t\000\005c@c.ct\000\001ct\000\001ct\000\001cpsq\000~\000B\001\000\000\000\000\000\000\000\001t\000\005a@a.at\000\001at\000\001at\000\001apxsq\000~\000M\000\000\000\000\000\000\000\001sq\000~\000\025w\010\000\000\001\\\002\367\231\000xsq\000~\000\003w\014\000\000\000\020?@\000\000\000\000\000\002sq\000~\000Q\000\000\000\000\000\000\000\002@i\000\000\000\000\000\000sq\000~\000T\000\000\000\000\000\000\000\002t\000\004Mesot\000\013Pljeskavicasq\000~\000Q\000\000\000\000\000\000\000\001@r\300\000\000\000\000\000sq\000~\000T\000\000\000\000\000\000\000\001t\000\004Mesot\000\005Girosxt\000\006Minutapt\000\012Brza hranasq\000~\000\003w\014\000\000\000\020?@\000\000\000\000\000\001sq\000~\000_\001\000\000\000\000\000\000\000\001t\000\005b@b.bt\000\001bpt\000\001bxpsq\000~\000e\000\000\000\015\000\000\000\004sq\000~\000\012\000\000\000\000\000\000\000\015psq\000~\000\016\000\000\000\000\000\000\000\001psq\000~\000\022\000\000\000\000\000\000\000\001sq\000~\000\025w\010\000\000\001\\\002\367\231\000xsq\000~\000\003w\014\000\000\000\020?@\000\000\000\000\000\004sq\000~\000\030\000\000\000\000\000\000\000\002@b\300\000\000\000\000\000sq\000~\000\033\000\000\000\000\000\000\000\002t\000\003sokt\000\005Fantasq\000~\000\030\000\000\000\000\000\000\000\004@b\300\000\000\000\000\000sq\000~\000\033\000\000\000\000\000\000\000\004t\000\003sokt\000\015Sok od jagodesq\000~\000\030\000\000\000\000\000\000\000\003@b\300\000\000\000\000\000sq\000~\000\033\000\000\000\000\000\000\000\003t\000\003sokt\000\011Coca-Colasq\000~\000\030\000\000\000\000\000\000\000\001@b\300\000\000\000\000\000sq\000~\000\033\000\000\000\000\000\000\000\001t\000\003sokt\000\006Spritexsq\000~\000\003w\014\000\000\000\020?@\000\000\000\000\000\002sq\000~\000,\000\000\000\000\000\000\000\000\001\000\000\000 \000\000\000 sq\000~\000\025w\010\000\000\000\271\261\301\207\000xt\000\017fn.ln@gmail.comt\000\001ft\000\002lnt\000\003123pq\000~\0006sq\000~\000,\000\000\000\000\000\000\000\000\002\000\000\000 \000\000\000 sq\000~\000\025w\010\000\000\000\271\261\301\207\000xt\000\021emp.emp@gmail.comt\000\004emp2t\000\004emp2t\000\003emppq\000~\0006xt\000\01245.2671352t\000\02119.83354959999997t\000\010Novi Sadsq\000~\000\003w\014\000\000\000\020?@\000\000\000\000\000\002sq\000~\000B\001\000\000\000\000\000\000\000\002t\000\005c@c.ct\000\001ct\000\001ct\000\001cpsq\000~\000B\001\000\000\000\000\000\000\000\001t\000\005a@a.at\000\001at\000\001at\000\001apxsq\000~\000M\000\000\000\000\000\000\000\001sq\000~\000\025w\010\000\000\001\\\002\367\231\000xsq\000~\000\003w\014\000\000\000\020?@\000\000\000\000\000\002sq\000~\000Q\000\000\000\000\000\000\000\002@i\000\000\000\000\000\000sq\000~\000T\000\000\000\000\000\000\000\002t\000\004Mesot\000\013Pljeskavicasq\000~\000Q\000\000\000\000\000\000\000\001@r\300\000\000\000\000\000sq\000~\000T\000\000\000\000\000\000\000\001t\000\004Mesot\000\005Girosxt\000\006Minutapt\000\012Brza hranasq\000~\000\003w\014\000\000\000\020?@\000\000\000\000\000\001sq\000~\000_\001\000\000\000\000\000\000\000\001t\000\005b@b.bt\000\001bpt\000\001bxpsq\000~\000e\000\000\000\022\000\000\000\002sq\000~\000\012\000\000\000\000\000\000\000\022psq\000~\000\016\000\000\000\000\000\000\000\001psq\000~\000\022\000\000\000\000\000\000\000\001sq\000~\000\025w\010\000\000\001\\\002\367\231\000xsq\000~\000\003w\014\000\000\000\020?@\000\000\000\000\000\004sq\000~\000\030\000\000\000\000\000\000\000\004@b\300\000\000\000\000\000sq\000~\000\033\000\000\000\000\000\000\000\004t\000\003sokt\000\015Sok od jagodesq\000~\000\030\000\000\000\000\000\000\000\002@b\300\000\000\000\000\000sq\000~\000\033\000\000\000\000\000\000\000\002t\000\003sokt\000\005Fantasq\000~\000\030\000\000\000\000\000\000\000\003@b\300\000\000\000\000\000sq\000~\000\033\000\000\000\000\000\000\000\003t\000\003sokt\000\011Coca-Colasq\000~\000\030\000\000\000\000\000\000\000\001@b\300\000\000\000\000\000sq\000~\000\033\000\000\000\000\000\000\000\001t\000\003sokt\000\006Spritexsq\000~\000\003w\014\000\000\000\020?@\000\000\000\000\000\002sq\000~\000,\000\000\000\000\000\000\000\000\001\000\000\000 \000\000\000 sq\000~\000\025w\010\000\000\000\271\261\301\207\000xt\000\017fn.ln@gmail.comt\000\001ft\000\002lnt\000\003123pq\000~\0006sq\000~\000,\000\000\000\000\000\000\000\000\002\000\000\000 \000\000\000 sq\000~\000\025w\010\000\000\000\271\261\301\207\000xt\000\021emp.emp@gmail.comt\000\004emp2t\000\004emp2t\000\003emppq\000~\0006xt\000\01245.2671352t\000\02119.83354959999997t\000\010Novi Sadsq\000~\000\003w\014\000\000\000\020?@\000\000\000\000\000\002sq\000~\000B\001\000\000\000\000\000\000\000\002t\000\005c@c.ct\000\001ct\000\001ct\000\001cpsq\000~\000B\001\000\000\000\000\000\000\000\001t\000\005a@a.at\000\001at\000\001at\000\001apxsq\000~\000M\000\000\000\000\000\000\000\001sq\000~\000\025w\010\000\000\001\\\002\367\231\000xsq\000~\000\003w\014\000\000\000\020?@\000\000\000\000\000\002sq\000~\000Q\000\000\000\000\000\000\000\001@r\300\000\000\000\000\000sq\000~\000T\000\000\000\000\000\000\000\001t\000\004Mesot\000\005Girossq\000~\000Q\000\000\000\000\000\000\000\002@i\000\000\000\000\000\000sq\000~\000T\000\000\000\000\000\000\000\002t\000\004Mesot\000\013Pljeskavicaxt\000\006Minutapt\000\012Brza hranasq\000~\000\003w\014\000\000\000\020?@\000\000\000\000\000\001sq\000~\000_\001\000\000\000\000\000\000\000\001t\000\005b@b.bt\000\001bpt\000\001bxpxx');
INSERT INTO employee_schedule(employee_id, c1, c2, day, start_time, end_time, schedule) values (2,'#6f7085','#8a4adb', '2017-06-21 00:16:00', 'Wed Jun 21 2017 06:00:00', 'Wed Jun 21 2017 10:26:00','\254\355\000\005sr\000\033com.example.domain.Schedule\000\000\000\000\000\000\000\001\002\000\002J\000\002idL\000\007regionst\000\017Ljava/util/Set;xp\000\000\000\000\000\000\000\000sr\000\021java.util.HashSet\272D\205\225\226\270\2674\003\000\000xpw\014\000\000\000\020?@\000\000\000\000\000\002sr\000\031com.example.domain.Region\000\000\000\000\000\000\000\001\002\000\004L\000\002idt\000\020Ljava/lang/Long;L\000\004namet\000\022Ljava/lang/String;L\000\012restaurantt\000\037Lcom/example/domain/Restaurant;L\000\006tablesq\000~\000\001xpsr\000\016java.lang.Long;\213\344\220\314\217#\337\002\000\001J\000\005valuexr\000\020java.lang.Number\206\254\225\035\013\224\340\213\002\000\000xp\000\000\000\000\000\000\000\003t\000\015nepusacki deosr\000\035com.example.domain.Restaurant\000\000\000\000\000\000\000\001\002\000\016J\000\002idL\000\013descriptionq\000~\000\007L\000\011drinkMenut\000\036Lcom/example/domain/DrinkMenu;L\000\010employeeq\000~\000\001L\000\003latq\000~\000\007L\000\003lngq\000~\000\007L\000\010locationq\000~\000\007L\000\007managerq\000~\000\001L\000\004menut\000\031Lcom/example/domain/Menu;L\000\004nameq\000~\000\007L\000\007regionsq\000~\000\001L\000\007speciesq\000~\000\007L\000\011suppliersq\000~\000\001L\000\010suppliesq\000~\000\001xp\000\000\000\000\000\000\000\001psr\000\034com.example.domain.DrinkMenu\000\000\000\000\000\000\000\001\002\000\003J\000\002idL\000\012dateUpdatet\000\020Ljava/util/Date;L\000\005itemsq\000~\000\001xp\000\000\000\000\000\000\000\001sr\000\016java.util.Datehj\201\001KYt\031\003\000\000xpw\010\000\000\001\\\002\367\231\000xsq\000~\000\003w\014\000\000\000\020?@\000\000\000\000\000\004sr\000 com.example.domain.DrinkMenuItem\000\000\000\000\000\000\000\001\002\000\003J\000\002idD\000\005priceL\000\005drinkt\000\032Lcom/example/domain/Drink;xp\000\000\000\000\000\000\000\002@b\300\000\000\000\000\000sr\000\030com.example.domain.Drink\000\000\000\000\000\000\000\001\002\000\003J\000\002idL\000\013descriptionq\000~\000\007L\000\004nameq\000~\000\007xp\000\000\000\000\000\000\000\002t\000\003sokt\000\005Fantasq\000~\000\030\000\000\000\000\000\000\000\003@b\300\000\000\000\000\000sq\000~\000\033\000\000\000\000\000\000\000\003t\000\003sokt\000\011Coca-Colasq\000~\000\030\000\000\000\000\000\000\000\001@b\300\000\000\000\000\000sq\000~\000\033\000\000\000\000\000\000\000\001t\000\003sokt\000\006Spritesq\000~\000\030\000\000\000\000\000\000\000\004@b\300\000\000\000\000\000sq\000~\000\033\000\000\000\000\000\000\000\004t\000\003sokt\000\015Sok od jagodexsq\000~\000\003w\014\000\000\000\020?@\000\000\000\000\000\002sr\000\033com.example.domain.Employee\000\000\000\000\000\000\000\001\002\000\013Z\000\006activeJ\000\002idI\000\005numbCI\000\005numbSL\000\004dateq\000~\000\023L\000\005emailq\000~\000\007L\000\011firstNameq\000~\000\007L\000\010lastNameq\000~\000\007L\000\010passwordq\000~\000\007L\000\010scheduleq\000~\000\001L\000\004typet\000!Lcom/example/domain/TypeEmployee;xp\000\000\000\000\000\000\000\000\001\000\000\000 \000\000\000 sq\000~\000\025w\010\000\000\000\271\261\301\207\000xt\000\017fn.ln@gmail.comt\000\001ft\000\002lnt\000\003123p~r\000\037com.example.domain.TypeEmployee\000\000\000\000\000\000\000\000\022\000\000xr\000\016java.lang.Enum\000\000\000\000\000\000\000\000\022\000\000xpt\000\006WAITERsq\000~\000,\000\000\000\000\000\000\000\000\002\000\000\000 \000\000\000 sq\000~\000\025w\010\000\000\000\271\261\301\207\000xt\000\021emp.emp@gmail.comt\000\004emp2t\000\004emp2t\000\003emppq\000~\0006xt\000\01245.2671352t\000\02119.83354959999997t\000\010Novi Sadsq\000~\000\003w\014\000\000\000\020?@\000\000\000\000\000\002sr\000\032com.example.domain.Manager\000\000\000\000\000\000\000\001\002\000\007Z\000\006activeJ\000\002idL\000\005emailq\000~\000\007L\000\011firstNameq\000~\000\007L\000\010lastNameq\000~\000\007L\000\010passwordq\000~\000\007L\000\012restaurantq\000~\000\010xp\001\000\000\000\000\000\000\000\002t\000\005c@c.ct\000\001ct\000\001ct\000\001cpsq\000~\000B\001\000\000\000\000\000\000\000\001t\000\005a@a.at\000\001at\000\001at\000\001apxsr\000\027com.example.domain.Menu\000\000\000\000\000\000\000\001\002\000\003J\000\002idL\000\012dateUpdateq\000~\000\023L\000\005itemsq\000~\000\001xp\000\000\000\000\000\000\000\001sq\000~\000\025w\010\000\000\001\\\002\367\231\000xsq\000~\000\003w\014\000\000\000\020?@\000\000\000\000\000\002sr\000\033com.example.domain.MenuItem\000\000\000\000\000\000\000\001\002\000\003J\000\002idD\000\005priceL\000\004foodt\000\031Lcom/example/domain/Food;xp\000\000\000\000\000\000\000\001@r\300\000\000\000\000\000sr\000\027com.example.domain.Food\000\000\000\000\000\000\000\001\002\000\003J\000\002idL\000\013descriptionq\000~\000\007L\000\004nameq\000~\000\007xp\000\000\000\000\000\000\000\001t\000\004Mesot\000\005Girossq\000~\000Q\000\000\000\000\000\000\000\002@i\000\000\000\000\000\000sq\000~\000T\000\000\000\000\000\000\000\002t\000\004Mesot\000\013Pljeskavicaxt\000\006Minutapt\000\012Brza hranasq\000~\000\003w\014\000\000\000\020?@\000\000\000\000\000\001sr\000\033com.example.domain.Supplier\000\000\000\000\000\000\000\001\002\000\006Z\000\006activeJ\000\002idL\000\005emailq\000~\000\007L\000\004nameq\000~\000\007L\000\006offersq\000~\000\001L\000\010passwordq\000~\000\007xp\001\000\000\000\000\000\000\000\001t\000\005b@b.bt\000\001bpt\000\001bxpsq\000~\000\003w\014\000\000\000\020?@\000\000\000\000\000\003sr\000$com.example.domain.TableOfRestaurant\000\000\000\000\000\000\000\001\002\000\005I\000\006numberI\000\016numberOfChairsL\000\002idq\000~\000\006L\000\006regiont\000\033Lcom/example/domain/Region;L\000\012restaurantq\000~\000\010xp\000\000\000\012\000\000\000\004sq\000~\000\012\000\000\000\000\000\000\000\012psq\000~\000\016\000\000\000\000\000\000\000\001psq\000~\000\022\000\000\000\000\000\000\000\001sq\000~\000\025w\010\000\000\001\\\002\367\231\000xsq\000~\000\003w\014\000\000\000\020?@\000\000\000\000\000\004sq\000~\000\030\000\000\000\000\000\000\000\001@b\300\000\000\000\000\000sq\000~\000\033\000\000\000\000\000\000\000\001t\000\003sokt\000\006Spritesq\000~\000\030\000\000\000\000\000\000\000\004@b\300\000\000\000\000\000sq\000~\000\033\000\000\000\000\000\000\000\004t\000\003sokt\000\015Sok od jagodesq\000~\000\030\000\000\000\000\000\000\000\003@b\300\000\000\000\000\000sq\000~\000\033\000\000\000\000\000\000\000\003t\000\003sokt\000\011Coca-Colasq\000~\000\030\000\000\000\000\000\000\000\002@b\300\000\000\000\000\000sq\000~\000\033\000\000\000\000\000\000\000\002t\000\003sokt\000\005Fantaxsq\000~\000\003w\014\000\000\000\020?@\000\000\000\000\000\002sq\000~\000,\000\000\000\000\000\000\000\000\002\000\000\000 \000\000\000 sq\000~\000\025w\010\000\000\000\271\261\301\207\000xt\000\021emp.emp@gmail.comt\000\004emp2t\000\004emp2t\000\003emppq\000~\0006sq\000~\000,\000\000\000\000\000\000\000\000\001\000\000\000 \000\000\000 sq\000~\000\025w\010\000\000\000\271\261\301\207\000xt\000\017fn.ln@gmail.comt\000\001ft\000\002lnt\000\003123pq\000~\0006xt\000\01245.2671352t\000\02119.83354959999997t\000\010Novi Sadsq\000~\000\003w\014\000\000\000\020?@\000\000\000\000\000\002sq\000~\000B\001\000\000\000\000\000\000\000\001t\000\005a@a.at\000\001at\000\001at\000\001apsq\000~\000B\001\000\000\000\000\000\000\000\002t\000\005c@c.ct\000\001ct\000\001ct\000\001cpxsq\000~\000M\000\000\000\000\000\000\000\001sq\000~\000\025w\010\000\000\001\\\002\367\231\000xsq\000~\000\003w\014\000\000\000\020?@\000\000\000\000\000\002sq\000~\000Q\000\000\000\000\000\000\000\002@i\000\000\000\000\000\000sq\000~\000T\000\000\000\000\000\000\000\002t\000\004Mesot\000\013Pljeskavicasq\000~\000Q\000\000\000\000\000\000\000\001@r\300\000\000\000\000\000sq\000~\000T\000\000\000\000\000\000\000\001t\000\004Mesot\000\005Girosxt\000\006Minutapt\000\012Brza hranasq\000~\000\003w\014\000\000\000\020?@\000\000\000\000\000\001sq\000~\000_\001\000\000\000\000\000\000\000\001t\000\005b@b.bt\000\001bpt\000\001bxpsq\000~\000e\000\000\000\013\000\000\000\004sq\000~\000\012\000\000\000\000\000\000\000\013psq\000~\000\016\000\000\000\000\000\000\000\001psq\000~\000\022\000\000\000\000\000\000\000\001sq\000~\000\025w\010\000\000\001\\\002\367\231\000xsq\000~\000\003w\014\000\000\000\020?@\000\000\000\000\000\004sq\000~\000\030\000\000\000\000\000\000\000\004@b\300\000\000\000\000\000sq\000~\000\033\000\000\000\000\000\000\000\004t\000\003sokt\000\015Sok od jagodesq\000~\000\030\000\000\000\000\000\000\000\002@b\300\000\000\000\000\000sq\000~\000\033\000\000\000\000\000\000\000\002t\000\003sokt\000\005Fantasq\000~\000\030\000\000\000\000\000\000\000\001@b\300\000\000\000\000\000sq\000~\000\033\000\000\000\000\000\000\000\001t\000\003sokt\000\006Spritesq\000~\000\030\000\000\000\000\000\000\000\003@b\300\000\000\000\000\000sq\000~\000\033\000\000\000\000\000\000\000\003t\000\003sokt\000\011Coca-Colaxsq\000~\000\003w\014\000\000\000\020?@\000\000\000\000\000\002sq\000~\000,\000\000\000\000\000\000\000\000\002\000\000\000 \000\000\000 sq\000~\000\025w\010\000\000\000\271\261\301\207\000xt\000\021emp.emp@gmail.comt\000\004emp2t\000\004emp2t\000\003emppq\000~\0006sq\000~\000,\000\000\000\000\000\000\000\000\001\000\000\000 \000\000\000 sq\000~\000\025w\010\000\000\000\271\261\301\207\000xt\000\017fn.ln@gmail.comt\000\001ft\000\002lnt\000\003123pq\000~\0006xt\000\01245.2671352t\000\02119.83354959999997t\000\010Novi Sadsq\000~\000\003w\014\000\000\000\020?@\000\000\000\000\000\002sq\000~\000B\001\000\000\000\000\000\000\000\001t\000\005a@a.at\000\001at\000\001at\000\001apsq\000~\000B\001\000\000\000\000\000\000\000\002t\000\005c@c.ct\000\001ct\000\001ct\000\001cpxsq\000~\000M\000\000\000\000\000\000\000\001sq\000~\000\025w\010\000\000\001\\\002\367\231\000xsq\000~\000\003w\014\000\000\000\020?@\000\000\000\000\000\002sq\000~\000Q\000\000\000\000\000\000\000\001@r\300\000\000\000\000\000sq\000~\000T\000\000\000\000\000\000\000\001t\000\004Mesot\000\005Girossq\000~\000Q\000\000\000\000\000\000\000\002@i\000\000\000\000\000\000sq\000~\000T\000\000\000\000\000\000\000\002t\000\004Mesot\000\013Pljeskavicaxt\000\006Minutapt\000\012Brza hranasq\000~\000\003w\014\000\000\000\020?@\000\000\000\000\000\001sq\000~\000_\001\000\000\000\000\000\000\000\001t\000\005b@b.bt\000\001bpt\000\001bxpsq\000~\000e\000\000\000\005\000\000\000\004sq\000~\000\012\000\000\000\000\000\000\000\011psq\000~\000\016\000\000\000\000\000\000\000\001psq\000~\000\022\000\000\000\000\000\000\000\001sq\000~\000\025w\010\000\000\001\\\002\367\231\000xsq\000~\000\003w\014\000\000\000\020?@\000\000\000\000\000\004sq\000~\000\030\000\000\000\000\000\000\000\004@b\300\000\000\000\000\000sq\000~\000\033\000\000\000\000\000\000\000\004t\000\003sokt\000\015Sok od jagodesq\000~\000\030\000\000\000\000\000\000\000\002@b\300\000\000\000\000\000sq\000~\000\033\000\000\000\000\000\000\000\002t\000\003sokt\000\005Fantasq\000~\000\030\000\000\000\000\000\000\000\001@b\300\000\000\000\000\000sq\000~\000\033\000\000\000\000\000\000\000\001t\000\003sokt\000\006Spritesq\000~\000\030\000\000\000\000\000\000\000\003@b\300\000\000\000\000\000sq\000~\000\033\000\000\000\000\000\000\000\003t\000\003sokt\000\011Coca-Colaxsq\000~\000\003w\014\000\000\000\020?@\000\000\000\000\000\002sq\000~\000,\000\000\000\000\000\000\000\000\001\000\000\000 \000\000\000 sq\000~\000\025w\010\000\000\000\271\261\301\207\000xt\000\017fn.ln@gmail.comt\000\001ft\000\002lnt\000\003123pq\000~\0006sq\000~\000,\000\000\000\000\000\000\000\000\002\000\000\000 \000\000\000 sq\000~\000\025w\010\000\000\000\271\261\301\207\000xt\000\021emp.emp@gmail.comt\000\004emp2t\000\004emp2t\000\003emppq\000~\0006xt\000\01245.2671352t\000\02119.83354959999997t\000\010Novi Sadsq\000~\000\003w\014\000\000\000\020?@\000\000\000\000\000\002sq\000~\000B\001\000\000\000\000\000\000\000\001t\000\005a@a.at\000\001at\000\001at\000\001apsq\000~\000B\001\000\000\000\000\000\000\000\002t\000\005c@c.ct\000\001ct\000\001ct\000\001cpxsq\000~\000M\000\000\000\000\000\000\000\001sq\000~\000\025w\010\000\000\001\\\002\367\231\000xsq\000~\000\003w\014\000\000\000\020?@\000\000\000\000\000\002sq\000~\000Q\000\000\000\000\000\000\000\002@i\000\000\000\000\000\000sq\000~\000T\000\000\000\000\000\000\000\002t\000\004Mesot\000\013Pljeskavicasq\000~\000Q\000\000\000\000\000\000\000\001@r\300\000\000\000\000\000sq\000~\000T\000\000\000\000\000\000\000\001t\000\004Mesot\000\005Girosxt\000\006Minutapt\000\012Brza hranasq\000~\000\003w\014\000\000\000\020?@\000\000\000\000\000\001sq\000~\000_\001\000\000\000\000\000\000\000\001t\000\005b@b.bt\000\001bpt\000\001bxpxsq\000~\000\005sq\000~\000\012\000\000\000\000\000\000\000\001t\000\005bastasq\000~\000\016\000\000\000\000\000\000\000\001psq\000~\000\022\000\000\000\000\000\000\000\001sq\000~\000\025w\010\000\000\001\\\002\367\231\000xsq\000~\000\003w\014\000\000\000\020?@\000\000\000\000\000\004sq\000~\000\030\000\000\000\000\000\000\000\004@b\300\000\000\000\000\000sq\000~\000\033\000\000\000\000\000\000\000\004t\000\003sokt\000\015Sok od jagodesq\000~\000\030\000\000\000\000\000\000\000\003@b\300\000\000\000\000\000sq\000~\000\033\000\000\000\000\000\000\000\003t\000\003sokt\000\011Coca-Colasq\000~\000\030\000\000\000\000\000\000\000\002@b\300\000\000\000\000\000sq\000~\000\033\000\000\000\000\000\000\000\002t\000\003sokt\000\005Fantasq\000~\000\030\000\000\000\000\000\000\000\001@b\300\000\000\000\000\000sq\000~\000\033\000\000\000\000\000\000\000\001t\000\003sokt\000\006Spritexsq\000~\000\003w\014\000\000\000\020?@\000\000\000\000\000\002sq\000~\000,\000\000\000\000\000\000\000\000\001\000\000\000 \000\000\000 sq\000~\000\025w\010\000\000\000\271\261\301\207\000xt\000\017fn.ln@gmail.comt\000\001ft\000\002lnt\000\003123pq\000~\0006sq\000~\000,\000\000\000\000\000\000\000\000\002\000\000\000 \000\000\000 sq\000~\000\025w\010\000\000\000\271\261\301\207\000xt\000\021emp.emp@gmail.comt\000\004emp2t\000\004emp2t\000\003emppq\000~\0006xt\000\01245.2671352t\000\02119.83354959999997t\000\010Novi Sadsq\000~\000\003w\014\000\000\000\020?@\000\000\000\000\000\002sq\000~\000B\001\000\000\000\000\000\000\000\002t\000\005c@c.ct\000\001ct\000\001ct\000\001cpsq\000~\000B\001\000\000\000\000\000\000\000\001t\000\005a@a.at\000\001at\000\001at\000\001apxsq\000~\000M\000\000\000\000\000\000\000\001sq\000~\000\025w\010\000\000\001\\\002\367\231\000xsq\000~\000\003w\014\000\000\000\020?@\000\000\000\000\000\002sq\000~\000Q\000\000\000\000\000\000\000\001@r\300\000\000\000\000\000sq\000~\000T\000\000\000\000\000\000\000\001t\000\004Mesot\000\005Girossq\000~\000Q\000\000\000\000\000\000\000\002@i\000\000\000\000\000\000sq\000~\000T\000\000\000\000\000\000\000\002t\000\004Mesot\000\013Pljeskavicaxt\000\006Minutapt\000\012Brza hranasq\000~\000\003w\014\000\000\000\020?@\000\000\000\000\000\001sq\000~\000_\001\000\000\000\000\000\000\000\001t\000\005b@b.bt\000\001bpt\000\001bxpsq\000~\000\003w\014\000\000\000\020?@\000\000\000\000\000\007sq\000~\000e\000\000\000\002\000\000\000\004sq\000~\000\012\000\000\000\000\000\000\000\002psq\000~\000\016\000\000\000\000\000\000\000\001psq\000~\000\022\000\000\000\000\000\000\000\001sq\000~\000\025w\010\000\000\001\\\002\367\231\000xsq\000~\000\003w\014\000\000\000\020?@\000\000\000\000\000\004sq\000~\000\030\000\000\000\000\000\000\000\001@b\300\000\000\000\000\000sq\000~\000\033\000\000\000\000\000\000\000\001t\000\003sokt\000\006Spritesq\000~\000\030\000\000\000\000\000\000\000\004@b\300\000\000\000\000\000sq\000~\000\033\000\000\000\000\000\000\000\004t\000\003sokt\000\015Sok od jagodesq\000~\000\030\000\000\000\000\000\000\000\003@b\300\000\000\000\000\000sq\000~\000\033\000\000\000\000\000\000\000\003t\000\003sokt\000\011Coca-Colasq\000~\000\030\000\000\000\000\000\000\000\002@b\300\000\000\000\000\000sq\000~\000\033\000\000\000\000\000\000\000\002t\000\003sokt\000\005Fantaxsq\000~\000\003w\014\000\000\000\020?@\000\000\000\000\000\002sq\000~\000,\000\000\000\000\000\000\000\000\002\000\000\000 \000\000\000 sq\000~\000\025w\010\000\000\000\271\261\301\207\000xt\000\021emp.emp@gmail.comt\000\004emp2t\000\004emp2t\000\003emppq\000~\0006sq\000~\000,\000\000\000\000\000\000\000\000\001\000\000\000 \000\000\000 sq\000~\000\025w\010\000\000\000\271\261\301\207\000xt\000\017fn.ln@gmail.comt\000\001ft\000\002lnt\000\003123pq\000~\0006xt\000\01245.2671352t\000\02119.83354959999997t\000\010Novi Sadsq\000~\000\003w\014\000\000\000\020?@\000\000\000\000\000\002sq\000~\000B\001\000\000\000\000\000\000\000\002t\000\005c@c.ct\000\001ct\000\001ct\000\001cpsq\000~\000B\001\000\000\000\000\000\000\000\001t\000\005a@a.at\000\001at\000\001at\000\001apxsq\000~\000M\000\000\000\000\000\000\000\001sq\000~\000\025w\010\000\000\001\\\002\367\231\000xsq\000~\000\003w\014\000\000\000\020?@\000\000\000\000\000\002sq\000~\000Q\000\000\000\000\000\000\000\002@i\000\000\000\000\000\000sq\000~\000T\000\000\000\000\000\000\000\002t\000\004Mesot\000\013Pljeskavicasq\000~\000Q\000\000\000\000\000\000\000\001@r\300\000\000\000\000\000sq\000~\000T\000\000\000\000\000\000\000\001t\000\004Mesot\000\005Girosxt\000\006Minutapt\000\012Brza hranasq\000~\000\003w\014\000\000\000\020?@\000\000\000\000\000\001sq\000~\000_\001\000\000\000\000\000\000\000\001t\000\005b@b.bt\000\001bpt\000\001bxpsq\000~\000e\000\000\000\010\000\000\000\004sq\000~\000\012\000\000\000\000\000\000\000\006psq\000~\000\016\000\000\000\000\000\000\000\001psq\000~\000\022\000\000\000\000\000\000\000\001sq\000~\000\025w\010\000\000\001\\\002\367\231\000xsq\000~\000\003w\014\000\000\000\020?@\000\000\000\000\000\004sq\000~\000\030\000\000\000\000\000\000\000\002@b\300\000\000\000\000\000sq\000~\000\033\000\000\000\000\000\000\000\002t\000\003sokt\000\005Fantasq\000~\000\030\000\000\000\000\000\000\000\001@b\300\000\000\000\000\000sq\000~\000\033\000\000\000\000\000\000\000\001t\000\003sokt\000\006Spritesq\000~\000\030\000\000\000\000\000\000\000\003@b\300\000\000\000\000\000sq\000~\000\033\000\000\000\000\000\000\000\003t\000\003sokt\000\011Coca-Colasq\000~\000\030\000\000\000\000\000\000\000\004@b\300\000\000\000\000\000sq\000~\000\033\000\000\000\000\000\000\000\004t\000\003sokt\000\015Sok od jagodexsq\000~\000\003w\014\000\000\000\020?@\000\000\000\000\000\002sq\000~\000,\000\000\000\000\000\000\000\000\002\000\000\000 \000\000\000 sq\000~\000\025w\010\000\000\000\271\261\301\207\000xt\000\021emp.emp@gmail.comt\000\004emp2t\000\004emp2t\000\003emppq\000~\0006sq\000~\000,\000\000\000\000\000\000\000\000\001\000\000\000 \000\000\000 sq\000~\000\025w\010\000\000\000\271\261\301\207\000xt\000\017fn.ln@gmail.comt\000\001ft\000\002lnt\000\003123pq\000~\0006xt\000\01245.2671352t\000\02119.83354959999997t\000\010Novi Sadsq\000~\000\003w\014\000\000\000\020?@\000\000\000\000\000\002sq\000~\000B\001\000\000\000\000\000\000\000\002t\000\005c@c.ct\000\001ct\000\001ct\000\001cpsq\000~\000B\001\000\000\000\000\000\000\000\001t\000\005a@a.at\000\001at\000\001at\000\001apxsq\000~\000M\000\000\000\000\000\000\000\001sq\000~\000\025w\010\000\000\001\\\002\367\231\000xsq\000~\000\003w\014\000\000\000\020?@\000\000\000\000\000\002sq\000~\000Q\000\000\000\000\000\000\000\002@i\000\000\000\000\000\000sq\000~\000T\000\000\000\000\000\000\000\002t\000\004Mesot\000\013Pljeskavicasq\000~\000Q\000\000\000\000\000\000\000\001@r\300\000\000\000\000\000sq\000~\000T\000\000\000\000\000\000\000\001t\000\004Mesot\000\005Girosxt\000\006Minutapt\000\012Brza hranasq\000~\000\003w\014\000\000\000\020?@\000\000\000\000\000\001sq\000~\000_\001\000\000\000\000\000\000\000\001t\000\005b@b.bt\000\001bpt\000\001bxpsq\000~\000e\000\000\000\003\000\000\000\004q\000~\000\014psq\000~\000\016\000\000\000\000\000\000\000\001psq\000~\000\022\000\000\000\000\000\000\000\001sq\000~\000\025w\010\000\000\001\\\002\367\231\000xsq\000~\000\003w\014\000\000\000\020?@\000\000\000\000\000\004sq\000~\000\030\000\000\000\000\000\000\000\003@b\300\000\000\000\000\000sq\000~\000\033\000\000\000\000\000\000\000\003t\000\003sokt\000\011Coca-Colasq\000~\000\030\000\000\000\000\000\000\000\004@b\300\000\000\000\000\000sq\000~\000\033\000\000\000\000\000\000\000\004t\000\003sokt\000\015Sok od jagodesq\000~\000\030\000\000\000\000\000\000\000\001@b\300\000\000\000\000\000sq\000~\000\033\000\000\000\000\000\000\000\001t\000\003sokt\000\006Spritesq\000~\000\030\000\000\000\000\000\000\000\002@b\300\000\000\000\000\000sq\000~\000\033\000\000\000\000\000\000\000\002t\000\003sokt\000\005Fantaxsq\000~\000\003w\014\000\000\000\020?@\000\000\000\000\000\002sq\000~\000,\000\000\000\000\000\000\000\000\001\000\000\000 \000\000\000 sq\000~\000\025w\010\000\000\000\271\261\301\207\000xt\000\017fn.ln@gmail.comt\000\001ft\000\002lnt\000\003123pq\000~\0006sq\000~\000,\000\000\000\000\000\000\000\000\002\000\000\000 \000\000\000 sq\000~\000\025w\010\000\000\000\271\261\301\207\000xt\000\021emp.emp@gmail.comt\000\004emp2t\000\004emp2t\000\003emppq\000~\0006xt\000\01245.2671352t\000\02119.83354959999997t\000\010Novi Sadsq\000~\000\003w\014\000\000\000\020?@\000\000\000\000\000\002sq\000~\000B\001\000\000\000\000\000\000\000\002t\000\005c@c.ct\000\001ct\000\001ct\000\001cpsq\000~\000B\001\000\000\000\000\000\000\000\001t\000\005a@a.at\000\001at\000\001at\000\001apxsq\000~\000M\000\000\000\000\000\000\000\001sq\000~\000\025w\010\000\000\001\\\002\367\231\000xsq\000~\000\003w\014\000\000\000\020?@\000\000\000\000\000\002sq\000~\000Q\000\000\000\000\000\000\000\001@r\300\000\000\000\000\000sq\000~\000T\000\000\000\000\000\000\000\001t\000\004Mesot\000\005Girossq\000~\000Q\000\000\000\000\000\000\000\002@i\000\000\000\000\000\000sq\000~\000T\000\000\000\000\000\000\000\002t\000\004Mesot\000\013Pljeskavicaxt\000\006Minutapt\000\012Brza hranasq\000~\000\003w\014\000\000\000\020?@\000\000\000\000\000\001sq\000~\000_\001\000\000\000\000\000\000\000\001t\000\005b@b.bt\000\001bpt\000\001bxpsq\000~\000e\000\000\000\006\000\000\000\004sq\000~\000\012\000\000\000\000\000\000\000\004psq\000~\000\016\000\000\000\000\000\000\000\001psq\000~\000\022\000\000\000\000\000\000\000\001sq\000~\000\025w\010\000\000\001\\\002\367\231\000xsq\000~\000\003w\014\000\000\000\020?@\000\000\000\000\000\004sq\000~\000\030\000\000\000\000\000\000\000\001@b\300\000\000\000\000\000sq\000~\000\033\000\000\000\000\000\000\000\001t\000\003sokt\000\006Spritesq\000~\000\030\000\000\000\000\000\000\000\003@b\300\000\000\000\000\000sq\000~\000\033\000\000\000\000\000\000\000\003t\000\003sokt\000\011Coca-Colasq\000~\000\030\000\000\000\000\000\000\000\004@b\300\000\000\000\000\000sq\000~\000\033\000\000\000\000\000\000\000\004t\000\003sokt\000\015Sok od jagodesq\000~\000\030\000\000\000\000\000\000\000\002@b\300\000\000\000\000\000sq\000~\000\033\000\000\000\000\000\000\000\002t\000\003sokt\000\005Fantaxsq\000~\000\003w\014\000\000\000\020?@\000\000\000\000\000\002sq\000~\000,\000\000\000\000\000\000\000\000\002\000\000\000 \000\000\000 sq\000~\000\025w\010\000\000\000\271\261\301\207\000xt\000\021emp.emp@gmail.comt\000\004emp2t\000\004emp2t\000\003emppq\000~\0006sq\000~\000,\000\000\000\000\000\000\000\000\001\000\000\000 \000\000\000 sq\000~\000\025w\010\000\000\000\271\261\301\207\000xt\000\017fn.ln@gmail.comt\000\001ft\000\002lnt\000\003123pq\000~\0006xt\000\01245.2671352t\000\02119.83354959999997t\000\010Novi Sadsq\000~\000\003w\014\000\000\000\020?@\000\000\000\000\000\002sq\000~\000B\001\000\000\000\000\000\000\000\002t\000\005c@c.ct\000\001ct\000\001ct\000\001cpsq\000~\000B\001\000\000\000\000\000\000\000\001t\000\005a@a.at\000\001at\000\001at\000\001apxsq\000~\000M\000\000\000\000\000\000\000\001sq\000~\000\025w\010\000\000\001\\\002\367\231\000xsq\000~\000\003w\014\000\000\000\020?@\000\000\000\000\000\002sq\000~\000Q\000\000\000\000\000\000\000\002@i\000\000\000\000\000\000sq\000~\000T\000\000\000\000\000\000\000\002t\000\004Mesot\000\013Pljeskavicasq\000~\000Q\000\000\000\000\000\000\000\001@r\300\000\000\000\000\000sq\000~\000T\000\000\000\000\000\000\000\001t\000\004Mesot\000\005Girosxt\000\006Minutapt\000\012Brza hranasq\000~\000\003w\014\000\000\000\020?@\000\000\000\000\000\001sq\000~\000_\001\000\000\000\000\000\000\000\001t\000\005b@b.bt\000\001bpt\000\001bxpsq\000~\000e\000\000\000\011\000\000\000\004sq\000~\000\012\000\000\000\000\000\000\000\007psq\000~\000\016\000\000\000\000\000\000\000\001psq\000~\000\022\000\000\000\000\000\000\000\001sq\000~\000\025w\010\000\000\001\\\002\367\231\000xsq\000~\000\003w\014\000\000\000\020?@\000\000\000\000\000\004sq\000~\000\030\000\000\000\000\000\000\000\001@b\300\000\000\000\000\000sq\000~\000\033\000\000\000\000\000\000\000\001t\000\003sokt\000\006Spritesq\000~\000\030\000\000\000\000\000\000\000\002@b\300\000\000\000\000\000sq\000~\000\033\000\000\000\000\000\000\000\002t\000\003sokt\000\005Fantasq\000~\000\030\000\000\000\000\000\000\000\003@b\300\000\000\000\000\000sq\000~\000\033\000\000\000\000\000\000\000\003t\000\003sokt\000\011Coca-Colasq\000~\000\030\000\000\000\000\000\000\000\004@b\300\000\000\000\000\000sq\000~\000\033\000\000\000\000\000\000\000\004t\000\003sokt\000\015Sok od jagodexsq\000~\000\003w\014\000\000\000\020?@\000\000\000\000\000\002sq\000~\000,\000\000\000\000\000\000\000\000\001\000\000\000 \000\000\000 sq\000~\000\025w\010\000\000\000\271\261\301\207\000xt\000\017fn.ln@gmail.comt\000\001ft\000\002lnt\000\003123pq\000~\0006sq\000~\000,\000\000\000\000\000\000\000\000\002\000\000\000 \000\000\000 sq\000~\000\025w\010\000\000\000\271\261\301\207\000xt\000\021emp.emp@gmail.comt\000\004emp2t\000\004emp2t\000\003emppq\000~\0006xt\000\01245.2671352t\000\02119.83354959999997t\000\010Novi Sadsq\000~\000\003w\014\000\000\000\020?@\000\000\000\000\000\002sq\000~\000B\001\000\000\000\000\000\000\000\001t\000\005a@a.at\000\001at\000\001at\000\001apsq\000~\000B\001\000\000\000\000\000\000\000\002t\000\005c@c.ct\000\001ct\000\001ct\000\001cpxsq\000~\000M\000\000\000\000\000\000\000\001sq\000~\000\025w\010\000\000\001\\\002\367\231\000xsq\000~\000\003w\014\000\000\000\020?@\000\000\000\000\000\002sq\000~\000Q\000\000\000\000\000\000\000\001@r\300\000\000\000\000\000sq\000~\000T\000\000\000\000\000\000\000\001t\000\004Mesot\000\005Girossq\000~\000Q\000\000\000\000\000\000\000\002@i\000\000\000\000\000\000sq\000~\000T\000\000\000\000\000\000\000\002t\000\004Mesot\000\013Pljeskavicaxt\000\006Minutapt\000\012Brza hranasq\000~\000\003w\014\000\000\000\020?@\000\000\000\000\000\001sq\000~\000_\001\000\000\000\000\000\000\000\001t\000\005b@b.bt\000\001bpt\000\001bxpsq\000~\000e\000\000\000\001\000\000\000\004q\000~\0011psq\000~\000\016\000\000\000\000\000\000\000\001psq\000~\000\022\000\000\000\000\000\000\000\001sq\000~\000\025w\010\000\000\001\\\002\367\231\000xsq\000~\000\003w\014\000\000\000\020?@\000\000\000\000\000\004sq\000~\000\030\000\000\000\000\000\000\000\001@b\300\000\000\000\000\000sq\000~\000\033\000\000\000\000\000\000\000\001t\000\003sokt\000\006Spritesq\000~\000\030\000\000\000\000\000\000\000\003@b\300\000\000\000\000\000sq\000~\000\033\000\000\000\000\000\000\000\003t\000\003sokt\000\011Coca-Colasq\000~\000\030\000\000\000\000\000\000\000\004@b\300\000\000\000\000\000sq\000~\000\033\000\000\000\000\000\000\000\004t\000\003sokt\000\015Sok od jagodesq\000~\000\030\000\000\000\000\000\000\000\002@b\300\000\000\000\000\000sq\000~\000\033\000\000\000\000\000\000\000\002t\000\003sokt\000\005Fantaxsq\000~\000\003w\014\000\000\000\020?@\000\000\000\000\000\002sq\000~\000,\000\000\000\000\000\000\000\000\001\000\000\000 \000\000\000 sq\000~\000\025w\010\000\000\000\271\261\301\207\000xt\000\017fn.ln@gmail.comt\000\001ft\000\002lnt\000\003123pq\000~\0006sq\000~\000,\000\000\000\000\000\000\000\000\002\000\000\000 \000\000\000 sq\000~\000\025w\010\000\000\000\271\261\301\207\000xt\000\021emp.emp@gmail.comt\000\004emp2t\000\004emp2t\000\003emppq\000~\0006xt\000\01245.2671352t\000\02119.83354959999997t\000\010Novi Sadsq\000~\000\003w\014\000\000\000\020?@\000\000\000\000\000\002sq\000~\000B\001\000\000\000\000\000\000\000\002t\000\005c@c.ct\000\001ct\000\001ct\000\001cpsq\000~\000B\001\000\000\000\000\000\000\000\001t\000\005a@a.at\000\001at\000\001at\000\001apxsq\000~\000M\000\000\000\000\000\000\000\001sq\000~\000\025w\010\000\000\001\\\002\367\231\000xsq\000~\000\003w\014\000\000\000\020?@\000\000\000\000\000\002sq\000~\000Q\000\000\000\000\000\000\000\001@r\300\000\000\000\000\000sq\000~\000T\000\000\000\000\000\000\000\001t\000\004Mesot\000\005Girossq\000~\000Q\000\000\000\000\000\000\000\002@i\000\000\000\000\000\000sq\000~\000T\000\000\000\000\000\000\000\002t\000\004Mesot\000\013Pljeskavicaxt\000\006Minutapt\000\012Brza hranasq\000~\000\003w\014\000\000\000\020?@\000\000\000\000\000\001sq\000~\000_\001\000\000\000\000\000\000\000\001t\000\005b@b.bt\000\001bpt\000\001bxpsq\000~\000e\000\000\000\007\000\000\000\004sq\000~\000\012\000\000\000\000\000\000\000\005psq\000~\000\016\000\000\000\000\000\000\000\001psq\000~\000\022\000\000\000\000\000\000\000\001sq\000~\000\025w\010\000\000\001\\\002\367\231\000xsq\000~\000\003w\014\000\000\000\020?@\000\000\000\000\000\004sq\000~\000\030\000\000\000\000\000\000\000\002@b\300\000\000\000\000\000sq\000~\000\033\000\000\000\000\000\000\000\002t\000\003sokt\000\005Fantasq\000~\000\030\000\000\000\000\000\000\000\003@b\300\000\000\000\000\000sq\000~\000\033\000\000\000\000\000\000\000\003t\000\003sokt\000\011Coca-Colasq\000~\000\030\000\000\000\000\000\000\000\004@b\300\000\000\000\000\000sq\000~\000\033\000\000\000\000\000\000\000\004t\000\003sokt\000\015Sok od jagodesq\000~\000\030\000\000\000\000\000\000\000\001@b\300\000\000\000\000\000sq\000~\000\033\000\000\000\000\000\000\000\001t\000\003sokt\000\006Spritexsq\000~\000\003w\014\000\000\000\020?@\000\000\000\000\000\002sq\000~\000,\000\000\000\000\000\000\000\000\002\000\000\000 \000\000\000 sq\000~\000\025w\010\000\000\000\271\261\301\207\000xt\000\021emp.emp@gmail.comt\000\004emp2t\000\004emp2t\000\003emppq\000~\0006sq\000~\000,\000\000\000\000\000\000\000\000\001\000\000\000 \000\000\000 sq\000~\000\025w\010\000\000\000\271\261\301\207\000xt\000\017fn.ln@gmail.comt\000\001ft\000\002lnt\000\003123pq\000~\0006xt\000\01245.2671352t\000\02119.83354959999997t\000\010Novi Sadsq\000~\000\003w\014\000\000\000\020?@\000\000\000\000\000\002sq\000~\000B\001\000\000\000\000\000\000\000\001t\000\005a@a.at\000\001at\000\001at\000\001apsq\000~\000B\001\000\000\000\000\000\000\000\002t\000\005c@c.ct\000\001ct\000\001ct\000\001cpxsq\000~\000M\000\000\000\000\000\000\000\001sq\000~\000\025w\010\000\000\001\\\002\367\231\000xsq\000~\000\003w\014\000\000\000\020?@\000\000\000\000\000\002sq\000~\000Q\000\000\000\000\000\000\000\001@r\300\000\000\000\000\000sq\000~\000T\000\000\000\000\000\000\000\001t\000\004Mesot\000\005Girossq\000~\000Q\000\000\000\000\000\000\000\002@i\000\000\000\000\000\000sq\000~\000T\000\000\000\000\000\000\000\002t\000\004Mesot\000\013Pljeskavicaxt\000\006Minutapt\000\012Brza hranasq\000~\000\003w\014\000\000\000\020?@\000\000\000\000\000\001sq\000~\000_\001\000\000\000\000\000\000\000\001t\000\005b@b.bt\000\001bpt\000\001bxpxx');
INSERT INTO employee_schedule(employee_id, c1, c2, day, start_time, end_time, schedule) values (1,'#a86363','#702c2c', '2017-06-21 00:16:00', 'Wed Jun 21 2017 10:00:00', 'Wed Jun 21 2017 11:55:00','\254\355\000\005sr\000\033com.example.domain.Schedule\000\000\000\000\000\000\000\001\002\000\002J\000\002idL\000\007regionst\000\017Ljava/util/Set;xp\000\000\000\000\000\000\000\000sr\000\021java.util.HashSet\272D\205\225\226\270\2674\003\000\000xpw\014\000\000\000\020?@\000\000\000\000\000\001sr\000\031com.example.domain.Region\000\000\000\000\000\000\000\001\002\000\004L\000\002idt\000\020Ljava/lang/Long;L\000\004namet\000\022Ljava/lang/String;L\000\012restaurantt\000\037Lcom/example/domain/Restaurant;L\000\006tablesq\000~\000\001xpsr\000\016java.lang.Long;\213\344\220\314\217#\337\002\000\001J\000\005valuexr\000\020java.lang.Number\206\254\225\035\013\224\340\213\002\000\000xp\000\000\000\000\000\000\000\001t\000\005bastasr\000\035com.example.domain.Restaurant\000\000\000\000\000\000\000\001\002\000\016J\000\002idL\000\013descriptionq\000~\000\007L\000\011drinkMenut\000\036Lcom/example/domain/DrinkMenu;L\000\010employeeq\000~\000\001L\000\003latq\000~\000\007L\000\003lngq\000~\000\007L\000\010locationq\000~\000\007L\000\007managerq\000~\000\001L\000\004menut\000\031Lcom/example/domain/Menu;L\000\004nameq\000~\000\007L\000\007regionsq\000~\000\001L\000\007speciesq\000~\000\007L\000\011suppliersq\000~\000\001L\000\010suppliesq\000~\000\001xp\000\000\000\000\000\000\000\001psr\000\034com.example.domain.DrinkMenu\000\000\000\000\000\000\000\001\002\000\003J\000\002idL\000\012dateUpdatet\000\020Ljava/util/Date;L\000\005itemsq\000~\000\001xp\000\000\000\000\000\000\000\001sr\000\016java.util.Datehj\201\001KYt\031\003\000\000xpw\010\000\000\001\\\002\367\231\000xsq\000~\000\003w\014\000\000\000\020?@\000\000\000\000\000\004sr\000 com.example.domain.DrinkMenuItem\000\000\000\000\000\000\000\001\002\000\003J\000\002idD\000\005priceL\000\005drinkt\000\032Lcom/example/domain/Drink;xp\000\000\000\000\000\000\000\002@b\300\000\000\000\000\000sr\000\030com.example.domain.Drink\000\000\000\000\000\000\000\001\002\000\003J\000\002idL\000\013descriptionq\000~\000\007L\000\004nameq\000~\000\007xp\000\000\000\000\000\000\000\002t\000\003sokt\000\005Fantasq\000~\000\030\000\000\000\000\000\000\000\004@b\300\000\000\000\000\000sq\000~\000\033\000\000\000\000\000\000\000\004t\000\003sokt\000\015Sok od jagodesq\000~\000\030\000\000\000\000\000\000\000\001@b\300\000\000\000\000\000sq\000~\000\033\000\000\000\000\000\000\000\001t\000\003sokt\000\006Spritesq\000~\000\030\000\000\000\000\000\000\000\003@b\300\000\000\000\000\000sq\000~\000\033\000\000\000\000\000\000\000\003t\000\003sokt\000\011Coca-Colaxsq\000~\000\003w\014\000\000\000\020?@\000\000\000\000\000\002sr\000\033com.example.domain.Employee\000\000\000\000\000\000\000\001\002\000\013Z\000\006activeJ\000\002idI\000\005numbCI\000\005numbSL\000\004dateq\000~\000\023L\000\005emailq\000~\000\007L\000\011firstNameq\000~\000\007L\000\010lastNameq\000~\000\007L\000\010passwordq\000~\000\007L\000\010scheduleq\000~\000\001L\000\004typet\000!Lcom/example/domain/TypeEmployee;xp\000\000\000\000\000\000\000\000\002\000\000\000 \000\000\000 sq\000~\000\025w\010\000\000\000\271\261\301\207\000xt\000\021emp.emp@gmail.comt\000\004emp2t\000\004emp2t\000\003empp~r\000\037com.example.domain.TypeEmployee\000\000\000\000\000\000\000\000\022\000\000xr\000\016java.lang.Enum\000\000\000\000\000\000\000\000\022\000\000xpt\000\006WAITERsq\000~\000,\000\000\000\000\000\000\000\000\001\000\000\000 \000\000\000 sq\000~\000\025w\010\000\000\000\271\261\301\207\000xt\000\017fn.ln@gmail.comt\000\001ft\000\002lnt\000\003123pq\000~\0006xt\000\01245.2671352t\000\02119.83354959999997t\000\010Novi Sadsq\000~\000\003w\014\000\000\000\020?@\000\000\000\000\000\002sr\000\032com.example.domain.Manager\000\000\000\000\000\000\000\001\002\000\007Z\000\006activeJ\000\002idL\000\005emailq\000~\000\007L\000\011firstNameq\000~\000\007L\000\010lastNameq\000~\000\007L\000\010passwordq\000~\000\007L\000\012restaurantq\000~\000\010xp\001\000\000\000\000\000\000\000\001t\000\005a@a.at\000\001at\000\001at\000\001apsq\000~\000B\001\000\000\000\000\000\000\000\002t\000\005c@c.ct\000\001ct\000\001ct\000\001cpxsr\000\027com.example.domain.Menu\000\000\000\000\000\000\000\001\002\000\003J\000\002idL\000\012dateUpdateq\000~\000\023L\000\005itemsq\000~\000\001xp\000\000\000\000\000\000\000\001sq\000~\000\025w\010\000\000\001\\\002\367\231\000xsq\000~\000\003w\014\000\000\000\020?@\000\000\000\000\000\002sr\000\033com.example.domain.MenuItem\000\000\000\000\000\000\000\001\002\000\003J\000\002idD\000\005priceL\000\004foodt\000\031Lcom/example/domain/Food;xp\000\000\000\000\000\000\000\001@r\300\000\000\000\000\000sr\000\027com.example.domain.Food\000\000\000\000\000\000\000\001\002\000\003J\000\002idL\000\013descriptionq\000~\000\007L\000\004nameq\000~\000\007xp\000\000\000\000\000\000\000\001t\000\004Mesot\000\005Girossq\000~\000Q\000\000\000\000\000\000\000\002@i\000\000\000\000\000\000sq\000~\000T\000\000\000\000\000\000\000\002t\000\004Mesot\000\013Pljeskavicaxt\000\006Minutapt\000\012Brza hranasq\000~\000\003w\014\000\000\000\020?@\000\000\000\000\000\001sr\000\033com.example.domain.Supplier\000\000\000\000\000\000\000\001\002\000\006Z\000\006activeJ\000\002idL\000\005emailq\000~\000\007L\000\004nameq\000~\000\007L\000\006offersq\000~\000\001L\000\010passwordq\000~\000\007xp\001\000\000\000\000\000\000\000\001t\000\005b@b.bt\000\001bpt\000\001bxpsq\000~\000\003w\014\000\000\000\020?@\000\000\000\000\000\007sr\000$com.example.domain.TableOfRestaurant\000\000\000\000\000\000\000\001\002\000\005I\000\006numberI\000\016numberOfChairsL\000\002idq\000~\000\006L\000\006regiont\000\033Lcom/example/domain/Region;L\000\012restaurantq\000~\000\010xp\000\000\000\006\000\000\000\004sq\000~\000\012\000\000\000\000\000\000\000\004psq\000~\000\016\000\000\000\000\000\000\000\001psq\000~\000\022\000\000\000\000\000\000\000\001sq\000~\000\025w\010\000\000\001\\\002\367\231\000xsq\000~\000\003w\014\000\000\000\020?@\000\000\000\000\000\004sq\000~\000\030\000\000\000\000\000\000\000\002@b\300\000\000\000\000\000sq\000~\000\033\000\000\000\000\000\000\000\002t\000\003sokt\000\005Fantasq\000~\000\030\000\000\000\000\000\000\000\001@b\300\000\000\000\000\000sq\000~\000\033\000\000\000\000\000\000\000\001t\000\003sokt\000\006Spritesq\000~\000\030\000\000\000\000\000\000\000\003@b\300\000\000\000\000\000sq\000~\000\033\000\000\000\000\000\000\000\003t\000\003sokt\000\011Coca-Colasq\000~\000\030\000\000\000\000\000\000\000\004@b\300\000\000\000\000\000sq\000~\000\033\000\000\000\000\000\000\000\004t\000\003sokt\000\015Sok od jagodexsq\000~\000\003w\014\000\000\000\020?@\000\000\000\000\000\002sq\000~\000,\000\000\000\000\000\000\000\000\002\000\000\000 \000\000\000 sq\000~\000\025w\010\000\000\000\271\261\301\207\000xt\000\021emp.emp@gmail.comt\000\004emp2t\000\004emp2t\000\003emppq\000~\0006sq\000~\000,\000\000\000\000\000\000\000\000\001\000\000\000 \000\000\000 sq\000~\000\025w\010\000\000\000\271\261\301\207\000xt\000\017fn.ln@gmail.comt\000\001ft\000\002lnt\000\003123pq\000~\0006xt\000\01245.2671352t\000\02119.83354959999997t\000\010Novi Sadsq\000~\000\003w\014\000\000\000\020?@\000\000\000\000\000\002sq\000~\000B\001\000\000\000\000\000\000\000\002t\000\005c@c.ct\000\001ct\000\001ct\000\001cpsq\000~\000B\001\000\000\000\000\000\000\000\001t\000\005a@a.at\000\001at\000\001at\000\001apxsq\000~\000M\000\000\000\000\000\000\000\001sq\000~\000\025w\010\000\000\001\\\002\367\231\000xsq\000~\000\003w\014\000\000\000\020?@\000\000\000\000\000\002sq\000~\000Q\000\000\000\000\000\000\000\002@i\000\000\000\000\000\000sq\000~\000T\000\000\000\000\000\000\000\002t\000\004Mesot\000\013Pljeskavicasq\000~\000Q\000\000\000\000\000\000\000\001@r\300\000\000\000\000\000sq\000~\000T\000\000\000\000\000\000\000\001t\000\004Mesot\000\005Girosxt\000\006Minutapt\000\012Brza hranasq\000~\000\003w\014\000\000\000\020?@\000\000\000\000\000\001sq\000~\000_\001\000\000\000\000\000\000\000\001t\000\005b@b.bt\000\001bpt\000\001bxpsq\000~\000e\000\000\000\010\000\000\000\004sq\000~\000\012\000\000\000\000\000\000\000\006psq\000~\000\016\000\000\000\000\000\000\000\001psq\000~\000\022\000\000\000\000\000\000\000\001sq\000~\000\025w\010\000\000\001\\\002\367\231\000xsq\000~\000\003w\014\000\000\000\020?@\000\000\000\000\000\004sq\000~\000\030\000\000\000\000\000\000\000\001@b\300\000\000\000\000\000sq\000~\000\033\000\000\000\000\000\000\000\001t\000\003sokt\000\006Spritesq\000~\000\030\000\000\000\000\000\000\000\004@b\300\000\000\000\000\000sq\000~\000\033\000\000\000\000\000\000\000\004t\000\003sokt\000\015Sok od jagodesq\000~\000\030\000\000\000\000\000\000\000\003@b\300\000\000\000\000\000sq\000~\000\033\000\000\000\000\000\000\000\003t\000\003sokt\000\011Coca-Colasq\000~\000\030\000\000\000\000\000\000\000\002@b\300\000\000\000\000\000sq\000~\000\033\000\000\000\000\000\000\000\002t\000\003sokt\000\005Fantaxsq\000~\000\003w\014\000\000\000\020?@\000\000\000\000\000\002sq\000~\000,\000\000\000\000\000\000\000\000\001\000\000\000 \000\000\000 sq\000~\000\025w\010\000\000\000\271\261\301\207\000xt\000\017fn.ln@gmail.comt\000\001ft\000\002lnt\000\003123pq\000~\0006sq\000~\000,\000\000\000\000\000\000\000\000\002\000\000\000 \000\000\000 sq\000~\000\025w\010\000\000\000\271\261\301\207\000xt\000\021emp.emp@gmail.comt\000\004emp2t\000\004emp2t\000\003emppq\000~\0006xt\000\01245.2671352t\000\02119.83354959999997t\000\010Novi Sadsq\000~\000\003w\014\000\000\000\020?@\000\000\000\000\000\002sq\000~\000B\001\000\000\000\000\000\000\000\002t\000\005c@c.ct\000\001ct\000\001ct\000\001cpsq\000~\000B\001\000\000\000\000\000\000\000\001t\000\005a@a.at\000\001at\000\001at\000\001apxsq\000~\000M\000\000\000\000\000\000\000\001sq\000~\000\025w\010\000\000\001\\\002\367\231\000xsq\000~\000\003w\014\000\000\000\020?@\000\000\000\000\000\002sq\000~\000Q\000\000\000\000\000\000\000\002@i\000\000\000\000\000\000sq\000~\000T\000\000\000\000\000\000\000\002t\000\004Mesot\000\013Pljeskavicasq\000~\000Q\000\000\000\000\000\000\000\001@r\300\000\000\000\000\000sq\000~\000T\000\000\000\000\000\000\000\001t\000\004Mesot\000\005Girosxt\000\006Minutapt\000\012Brza hranasq\000~\000\003w\014\000\000\000\020?@\000\000\000\000\000\001sq\000~\000_\001\000\000\000\000\000\000\000\001t\000\005b@b.bt\000\001bpt\000\001bxpsq\000~\000e\000\000\000\011\000\000\000\004sq\000~\000\012\000\000\000\000\000\000\000\007psq\000~\000\016\000\000\000\000\000\000\000\001psq\000~\000\022\000\000\000\000\000\000\000\001sq\000~\000\025w\010\000\000\001\\\002\367\231\000xsq\000~\000\003w\014\000\000\000\020?@\000\000\000\000\000\004sq\000~\000\030\000\000\000\000\000\000\000\003@b\300\000\000\000\000\000sq\000~\000\033\000\000\000\000\000\000\000\003t\000\003sokt\000\011Coca-Colasq\000~\000\030\000\000\000\000\000\000\000\001@b\300\000\000\000\000\000sq\000~\000\033\000\000\000\000\000\000\000\001t\000\003sokt\000\006Spritesq\000~\000\030\000\000\000\000\000\000\000\004@b\300\000\000\000\000\000sq\000~\000\033\000\000\000\000\000\000\000\004t\000\003sokt\000\015Sok od jagodesq\000~\000\030\000\000\000\000\000\000\000\002@b\300\000\000\000\000\000sq\000~\000\033\000\000\000\000\000\000\000\002t\000\003sokt\000\005Fantaxsq\000~\000\003w\014\000\000\000\020?@\000\000\000\000\000\002sq\000~\000,\000\000\000\000\000\000\000\000\001\000\000\000 \000\000\000 sq\000~\000\025w\010\000\000\000\271\261\301\207\000xt\000\017fn.ln@gmail.comt\000\001ft\000\002lnt\000\003123pq\000~\0006sq\000~\000,\000\000\000\000\000\000\000\000\002\000\000\000 \000\000\000 sq\000~\000\025w\010\000\000\000\271\261\301\207\000xt\000\021emp.emp@gmail.comt\000\004emp2t\000\004emp2t\000\003emppq\000~\0006xt\000\01245.2671352t\000\02119.83354959999997t\000\010Novi Sadsq\000~\000\003w\014\000\000\000\020?@\000\000\000\000\000\002sq\000~\000B\001\000\000\000\000\000\000\000\002t\000\005c@c.ct\000\001ct\000\001ct\000\001cpsq\000~\000B\001\000\000\000\000\000\000\000\001t\000\005a@a.at\000\001at\000\001at\000\001apxsq\000~\000M\000\000\000\000\000\000\000\001sq\000~\000\025w\010\000\000\001\\\002\367\231\000xsq\000~\000\003w\014\000\000\000\020?@\000\000\000\000\000\002sq\000~\000Q\000\000\000\000\000\000\000\002@i\000\000\000\000\000\000sq\000~\000T\000\000\000\000\000\000\000\002t\000\004Mesot\000\013Pljeskavicasq\000~\000Q\000\000\000\000\000\000\000\001@r\300\000\000\000\000\000sq\000~\000T\000\000\000\000\000\000\000\001t\000\004Mesot\000\005Girosxt\000\006Minutapt\000\012Brza hranasq\000~\000\003w\014\000\000\000\020?@\000\000\000\000\000\001sq\000~\000_\001\000\000\000\000\000\000\000\001t\000\005b@b.bt\000\001bpt\000\001bxpsq\000~\000e\000\000\000\007\000\000\000\004sq\000~\000\012\000\000\000\000\000\000\000\005psq\000~\000\016\000\000\000\000\000\000\000\001psq\000~\000\022\000\000\000\000\000\000\000\001sq\000~\000\025w\010\000\000\001\\\002\367\231\000xsq\000~\000\003w\014\000\000\000\020?@\000\000\000\000\000\004sq\000~\000\030\000\000\000\000\000\000\000\001@b\300\000\000\000\000\000sq\000~\000\033\000\000\000\000\000\000\000\001t\000\003sokt\000\006Spritesq\000~\000\030\000\000\000\000\000\000\000\004@b\300\000\000\000\000\000sq\000~\000\033\000\000\000\000\000\000\000\004t\000\003sokt\000\015Sok od jagodesq\000~\000\030\000\000\000\000\000\000\000\003@b\300\000\000\000\000\000sq\000~\000\033\000\000\000\000\000\000\000\003t\000\003sokt\000\011Coca-Colasq\000~\000\030\000\000\000\000\000\000\000\002@b\300\000\000\000\000\000sq\000~\000\033\000\000\000\000\000\000\000\002t\000\003sokt\000\005Fantaxsq\000~\000\003w\014\000\000\000\020?@\000\000\000\000\000\002sq\000~\000,\000\000\000\000\000\000\000\000\001\000\000\000 \000\000\000 sq\000~\000\025w\010\000\000\000\271\261\301\207\000xt\000\017fn.ln@gmail.comt\000\001ft\000\002lnt\000\003123pq\000~\0006sq\000~\000,\000\000\000\000\000\000\000\000\002\000\000\000 \000\000\000 sq\000~\000\025w\010\000\000\000\271\261\301\207\000xt\000\021emp.emp@gmail.comt\000\004emp2t\000\004emp2t\000\003emppq\000~\0006xt\000\01245.2671352t\000\02119.83354959999997t\000\010Novi Sadsq\000~\000\003w\014\000\000\000\020?@\000\000\000\000\000\002sq\000~\000B\001\000\000\000\000\000\000\000\001t\000\005a@a.at\000\001at\000\001at\000\001apsq\000~\000B\001\000\000\000\000\000\000\000\002t\000\005c@c.ct\000\001ct\000\001ct\000\001cpxsq\000~\000M\000\000\000\000\000\000\000\001sq\000~\000\025w\010\000\000\001\\\002\367\231\000xsq\000~\000\003w\014\000\000\000\020?@\000\000\000\000\000\002sq\000~\000Q\000\000\000\000\000\000\000\001@r\300\000\000\000\000\000sq\000~\000T\000\000\000\000\000\000\000\001t\000\004Mesot\000\005Girossq\000~\000Q\000\000\000\000\000\000\000\002@i\000\000\000\000\000\000sq\000~\000T\000\000\000\000\000\000\000\002t\000\004Mesot\000\013Pljeskavicaxt\000\006Minutapt\000\012Brza hranasq\000~\000\003w\014\000\000\000\020?@\000\000\000\000\000\001sq\000~\000_\001\000\000\000\000\000\000\000\001t\000\005b@b.bt\000\001bpt\000\001bxpsq\000~\000e\000\000\000\002\000\000\000\004sq\000~\000\012\000\000\000\000\000\000\000\002psq\000~\000\016\000\000\000\000\000\000\000\001psq\000~\000\022\000\000\000\000\000\000\000\001sq\000~\000\025w\010\000\000\001\\\002\367\231\000xsq\000~\000\003w\014\000\000\000\020?@\000\000\000\000\000\004sq\000~\000\030\000\000\000\000\000\000\000\004@b\300\000\000\000\000\000sq\000~\000\033\000\000\000\000\000\000\000\004t\000\003sokt\000\015Sok od jagodesq\000~\000\030\000\000\000\000\000\000\000\001@b\300\000\000\000\000\000sq\000~\000\033\000\000\000\000\000\000\000\001t\000\003sokt\000\006Spritesq\000~\000\030\000\000\000\000\000\000\000\002@b\300\000\000\000\000\000sq\000~\000\033\000\000\000\000\000\000\000\002t\000\003sokt\000\005Fantasq\000~\000\030\000\000\000\000\000\000\000\003@b\300\000\000\000\000\000sq\000~\000\033\000\000\000\000\000\000\000\003t\000\003sokt\000\011Coca-Colaxsq\000~\000\003w\014\000\000\000\020?@\000\000\000\000\000\002sq\000~\000,\000\000\000\000\000\000\000\000\001\000\000\000 \000\000\000 sq\000~\000\025w\010\000\000\000\271\261\301\207\000xt\000\017fn.ln@gmail.comt\000\001ft\000\002lnt\000\003123pq\000~\0006sq\000~\000,\000\000\000\000\000\000\000\000\002\000\000\000 \000\000\000 sq\000~\000\025w\010\000\000\000\271\261\301\207\000xt\000\021emp.emp@gmail.comt\000\004emp2t\000\004emp2t\000\003emppq\000~\0006xt\000\01245.2671352t\000\02119.83354959999997t\000\010Novi Sadsq\000~\000\003w\014\000\000\000\020?@\000\000\000\000\000\002sq\000~\000B\001\000\000\000\000\000\000\000\001t\000\005a@a.at\000\001at\000\001at\000\001apsq\000~\000B\001\000\000\000\000\000\000\000\002t\000\005c@c.ct\000\001ct\000\001ct\000\001cpxsq\000~\000M\000\000\000\000\000\000\000\001sq\000~\000\025w\010\000\000\001\\\002\367\231\000xsq\000~\000\003w\014\000\000\000\020?@\000\000\000\000\000\002sq\000~\000Q\000\000\000\000\000\000\000\002@i\000\000\000\000\000\000sq\000~\000T\000\000\000\000\000\000\000\002t\000\004Mesot\000\013Pljeskavicasq\000~\000Q\000\000\000\000\000\000\000\001@r\300\000\000\000\000\000sq\000~\000T\000\000\000\000\000\000\000\001t\000\004Mesot\000\005Girosxt\000\006Minutapt\000\012Brza hranasq\000~\000\003w\014\000\000\000\020?@\000\000\000\000\000\001sq\000~\000_\001\000\000\000\000\000\000\000\001t\000\005b@b.bt\000\001bpt\000\001bxpsq\000~\000e\000\000\000\003\000\000\000\004sq\000~\000\012\000\000\000\000\000\000\000\003psq\000~\000\016\000\000\000\000\000\000\000\001psq\000~\000\022\000\000\000\000\000\000\000\001sq\000~\000\025w\010\000\000\001\\\002\367\231\000xsq\000~\000\003w\014\000\000\000\020?@\000\000\000\000\000\004sq\000~\000\030\000\000\000\000\000\000\000\003@b\300\000\000\000\000\000sq\000~\000\033\000\000\000\000\000\000\000\003t\000\003sokt\000\011Coca-Colasq\000~\000\030\000\000\000\000\000\000\000\004@b\300\000\000\000\000\000sq\000~\000\033\000\000\000\000\000\000\000\004t\000\003sokt\000\015Sok od jagodesq\000~\000\030\000\000\000\000\000\000\000\002@b\300\000\000\000\000\000sq\000~\000\033\000\000\000\000\000\000\000\002t\000\003sokt\000\005Fantasq\000~\000\030\000\000\000\000\000\000\000\001@b\300\000\000\000\000\000sq\000~\000\033\000\000\000\000\000\000\000\001t\000\003sokt\000\006Spritexsq\000~\000\003w\014\000\000\000\020?@\000\000\000\000\000\002sq\000~\000,\000\000\000\000\000\000\000\000\001\000\000\000 \000\000\000 sq\000~\000\025w\010\000\000\000\271\261\301\207\000xt\000\017fn.ln@gmail.comt\000\001ft\000\002lnt\000\003123pq\000~\0006sq\000~\000,\000\000\000\000\000\000\000\000\002\000\000\000 \000\000\000 sq\000~\000\025w\010\000\000\000\271\261\301\207\000xt\000\021emp.emp@gmail.comt\000\004emp2t\000\004emp2t\000\003emppq\000~\0006xt\000\01245.2671352t\000\02119.83354959999997t\000\010Novi Sadsq\000~\000\003w\014\000\000\000\020?@\000\000\000\000\000\002sq\000~\000B\001\000\000\000\000\000\000\000\002t\000\005c@c.ct\000\001ct\000\001ct\000\001cpsq\000~\000B\001\000\000\000\000\000\000\000\001t\000\005a@a.at\000\001at\000\001at\000\001apxsq\000~\000M\000\000\000\000\000\000\000\001sq\000~\000\025w\010\000\000\001\\\002\367\231\000xsq\000~\000\003w\014\000\000\000\020?@\000\000\000\000\000\002sq\000~\000Q\000\000\000\000\000\000\000\002@i\000\000\000\000\000\000sq\000~\000T\000\000\000\000\000\000\000\002t\000\004Mesot\000\013Pljeskavicasq\000~\000Q\000\000\000\000\000\000\000\001@r\300\000\000\000\000\000sq\000~\000T\000\000\000\000\000\000\000\001t\000\004Mesot\000\005Girosxt\000\006Minutapt\000\012Brza hranasq\000~\000\003w\014\000\000\000\020?@\000\000\000\000\000\001sq\000~\000_\001\000\000\000\000\000\000\000\001t\000\005b@b.bt\000\001bpt\000\001bxpsq\000~\000e\000\000\000\001\000\000\000\004q\000~\000\014psq\000~\000\016\000\000\000\000\000\000\000\001psq\000~\000\022\000\000\000\000\000\000\000\001sq\000~\000\025w\010\000\000\001\\\002\367\231\000xsq\000~\000\003w\014\000\000\000\020?@\000\000\000\000\000\004sq\000~\000\030\000\000\000\000\000\000\000\002@b\300\000\000\000\000\000sq\000~\000\033\000\000\000\000\000\000\000\002t\000\003sokt\000\005Fantasq\000~\000\030\000\000\000\000\000\000\000\001@b\300\000\000\000\000\000sq\000~\000\033\000\000\000\000\000\000\000\001t\000\003sokt\000\006Spritesq\000~\000\030\000\000\000\000\000\000\000\003@b\300\000\000\000\000\000sq\000~\000\033\000\000\000\000\000\000\000\003t\000\003sokt\000\011Coca-Colasq\000~\000\030\000\000\000\000\000\000\000\004@b\300\000\000\000\000\000sq\000~\000\033\000\000\000\000\000\000\000\004t\000\003sokt\000\015Sok od jagodexsq\000~\000\003w\014\000\000\000\020?@\000\000\000\000\000\002sq\000~\000,\000\000\000\000\000\000\000\000\001\000\000\000 \000\000\000 sq\000~\000\025w\010\000\000\000\271\261\301\207\000xt\000\017fn.ln@gmail.comt\000\001ft\000\002lnt\000\003123pq\000~\0006sq\000~\000,\000\000\000\000\000\000\000\000\002\000\000\000 \000\000\000 sq\000~\000\025w\010\000\000\000\271\261\301\207\000xt\000\021emp.emp@gmail.comt\000\004emp2t\000\004emp2t\000\003emppq\000~\0006xt\000\01245.2671352t\000\02119.83354959999997t\000\010Novi Sadsq\000~\000\003w\014\000\000\000\020?@\000\000\000\000\000\002sq\000~\000B\001\000\000\000\000\000\000\000\001t\000\005a@a.at\000\001at\000\001at\000\001apsq\000~\000B\001\000\000\000\000\000\000\000\002t\000\005c@c.ct\000\001ct\000\001ct\000\001cpxsq\000~\000M\000\000\000\000\000\000\000\001sq\000~\000\025w\010\000\000\001\\\002\367\231\000xsq\000~\000\003w\014\000\000\000\020?@\000\000\000\000\000\002sq\000~\000Q\000\000\000\000\000\000\000\002@i\000\000\000\000\000\000sq\000~\000T\000\000\000\000\000\000\000\002t\000\004Mesot\000\013Pljeskavicasq\000~\000Q\000\000\000\000\000\000\000\001@r\300\000\000\000\000\000sq\000~\000T\000\000\000\000\000\000\000\001t\000\004Mesot\000\005Girosxt\000\006Minutapt\000\012Brza hranasq\000~\000\003w\014\000\000\000\020?@\000\000\000\000\000\001sq\000~\000_\001\000\000\000\000\000\000\000\001t\000\005b@b.bt\000\001bpt\000\001bxpxx');


